time_us,event,page,burst,outstanding
10000.0,nand_issue,4,,
10000.0,nand_issue,5,,
10000.0,nand_issue,6,,
10000.0,nand_issue,7,,
10009.976666666666,nand_issue,14,,
10009.976666666666,nand_issue,15,,
10009.976666666666,nand_issue,12,,
10009.976666666666,nand_issue,13,,
10010.176666666666,page_ready,4,,
10010.176666666666,page_ready,5,,
10010.176666666666,page_ready,6,,
10010.176666666666,page_ready,7,,
10019.953333333331,nand_issue,20,,
10019.953333333331,nand_issue,21,,
10019.953333333331,nand_issue,22,,
10019.953333333331,nand_issue,23,,
10020.153333333332,page_ready,14,,
10020.153333333332,page_ready,15,,
10020.153333333332,page_ready,12,,
10020.153333333332,page_ready,13,,
10029.929999999997,nand_issue,30,,
10029.929999999997,nand_issue,31,,
10029.929999999997,nand_issue,28,,
10029.929999999997,nand_issue,29,,
10030.129999999997,page_ready,20,,
10030.129999999997,page_ready,21,,
10030.129999999997,page_ready,22,,
10030.129999999997,page_ready,23,,
10039.906666666662,nand_issue,36,,
10039.906666666662,nand_issue,37,,
10039.906666666662,nand_issue,38,,
10039.906666666662,nand_issue,39,,
10040.106666666663,page_ready,30,,
10040.106666666663,page_ready,31,,
10040.106666666663,page_ready,28,,
10040.106666666663,page_ready,29,,
10049.883333333328,nand_issue,46,,
10049.883333333328,nand_issue,47,,
10049.883333333328,nand_issue,44,,
10049.883333333328,nand_issue,45,,
10050.083333333328,page_ready,36,,
10050.083333333328,page_ready,37,,
10050.083333333328,page_ready,38,,
10050.083333333328,page_ready,39,,
10059.859999999993,nand_issue,52,,
10059.859999999993,nand_issue,53,,
10059.859999999993,nand_issue,54,,
10059.859999999993,nand_issue,55,,
10060.059999999994,page_ready,46,,
10060.059999999994,page_ready,47,,
10060.059999999994,page_ready,44,,
10060.059999999994,page_ready,45,,
10069.836666666659,nand_issue,62,,
10069.836666666659,nand_issue,63,,
10069.836666666659,nand_issue,60,,
10069.836666666659,nand_issue,61,,
10070.03666666666,page_ready,52,,
10070.03666666666,page_ready,53,,
10070.03666666666,page_ready,54,,
10070.03666666666,page_ready,55,,
10079.813333333324,nand_issue,68,,
10079.813333333324,nand_issue,69,,
10079.813333333324,nand_issue,70,,
10079.813333333324,nand_issue,71,,
10080.013333333325,page_ready,62,,
10080.013333333325,page_ready,63,,
10080.013333333325,page_ready,60,,
10080.013333333325,page_ready,61,,
10089.78999999999,nand_issue,78,,
10089.78999999999,nand_issue,79,,
10089.78999999999,nand_issue,76,,
10089.78999999999,nand_issue,77,,
10089.98999999999,page_ready,68,,
10089.98999999999,page_ready,69,,
10089.98999999999,page_ready,70,,
10089.98999999999,page_ready,71,,
10099.766666666656,nand_issue,84,,
10099.766666666656,nand_issue,85,,
10099.766666666656,nand_issue,86,,
10099.766666666656,nand_issue,87,,
10099.966666666656,page_ready,78,,
10099.966666666656,page_ready,79,,
10099.966666666656,page_ready,76,,
10099.966666666656,page_ready,77,,
10109.743333333321,nand_issue,94,,
10109.743333333321,nand_issue,95,,
10109.743333333321,nand_issue,92,,
10109.743333333321,nand_issue,93,,
10109.943333333322,page_ready,84,,
10109.943333333322,page_ready,85,,
10109.943333333322,page_ready,86,,
10109.943333333322,page_ready,87,,
10119.719999999987,nand_issue,100,,
10119.719999999987,nand_issue,101,,
10119.719999999987,nand_issue,102,,
10119.719999999987,nand_issue,103,,
10119.919999999987,page_ready,94,,
10119.919999999987,page_ready,95,,
10119.919999999987,page_ready,92,,
10119.919999999987,page_ready,93,,
10129.696666666652,nand_issue,110,,
10129.696666666652,nand_issue,111,,
10129.696666666652,nand_issue,108,,
10129.696666666652,nand_issue,109,,
10129.896666666653,page_ready,100,,
10129.896666666653,page_ready,101,,
10129.896666666653,page_ready,102,,
10129.896666666653,page_ready,103,,
10139.673333333318,nand_issue,116,,
10139.673333333318,nand_issue,117,,
10139.673333333318,nand_issue,118,,
10139.673333333318,nand_issue,119,,
10139.873333333318,page_ready,110,,
10139.873333333318,page_ready,111,,
10139.873333333318,page_ready,108,,
10139.873333333318,page_ready,109,,
10149.649999999983,nand_issue,126,,
10149.649999999983,nand_issue,127,,
10149.649999999983,nand_issue,124,,
10149.649999999983,nand_issue,125,,
10149.849999999984,page_ready,116,,
10149.849999999984,page_ready,117,,
10149.849999999984,page_ready,118,,
10149.849999999984,page_ready,119,,
10159.82666666665,page_ready,126,,
10159.82666666665,page_ready,127,,
10159.82666666665,page_ready,124,,
10159.82666666665,page_ready,125,,
20000.0,ar,,0,1
20000.002,ar,,1,2
20000.004,ar,,2,3
20000.006,ar,,3,4
20000.008,ar,,4,5
20000.010000000002,ar,,5,6
20000.012000000002,ar,,6,7
20000.014000000003,ar,,7,8
20000.016000000003,ar,,8,9
20000.018000000004,ar,,9,10
20000.020000000004,ar,,10,11
20000.022000000004,ar,,11,12
20000.024000000005,ar,,12,13
20000.026000000005,ar,,13,14
20000.028000000006,ar,,14,15
20000.030000000006,ar,,15,16
20003.0,nand_issue,0,,
20003.008,nand_issue,1,,
20003.016000000003,nand_issue,2,,
20003.024000000005,nand_issue,3,,
20013.176666666666,page_ready,0,,
20013.184666666668,page_ready,1,,
20013.19266666667,page_ready,2,,
20013.20066666667,page_ready,3,,
20013.432666666668,rlast,,0,15
20013.432666666668,ar,,16,16
20013.68866666667,rlast,,1,15
20013.68866666667,ar,,17,16
20013.94466666667,rlast,,2,15
20013.94466666667,ar,,18,16
20014.20066666667,rlast,,3,15
20014.20066666667,ar,,19,16
20014.456666666672,rlast,,4,15
20014.456666666672,ar,,20,16
20014.712666666674,rlast,,5,15
20014.712666666674,ar,,21,16
20014.968666666675,rlast,,6,15
20014.968666666675,ar,,22,16
20015.224666666676,rlast,,7,15
20015.224666666676,ar,,23,16
20015.480666666677,rlast,,8,15
20015.480666666677,ar,,24,16
20015.73666666668,rlast,,9,15
20015.73666666668,ar,,25,16
20015.99266666668,rlast,,10,15
20015.99266666668,ar,,26,16
20016.24866666668,rlast,,11,15
20016.24866666668,ar,,27,16
20016.504666666682,rlast,,12,15
20016.504666666682,ar,,28,16
20016.760666666683,rlast,,13,15
20016.760666666683,ar,,29,16
20017.016666666685,rlast,,14,15
20017.016666666685,ar,,30,16
20017.272666666686,rlast,,15,15
20017.272666666686,ar,,31,16
20017.528666666687,rlast,,16,15
20017.528666666687,ar,,32,16
20017.78466666669,rlast,,17,15
20017.78466666669,ar,,33,16
20018.04066666669,rlast,,18,15
20018.04066666669,ar,,34,16
20018.29666666669,rlast,,19,15
20018.29666666669,ar,,35,16
20018.552666666692,rlast,,20,15
20018.552666666692,ar,,36,16
20018.808666666693,rlast,,21,15
20018.808666666693,ar,,37,16
20019.064666666694,rlast,,22,15
20019.064666666694,ar,,38,16
20019.320666666696,rlast,,23,15
20019.320666666696,ar,,39,16
20019.576666666697,rlast,,24,15
20019.576666666697,ar,,40,16
20019.832666666698,rlast,,25,15
20019.832666666698,ar,,41,16
20020.0886666667,rlast,,26,15
20020.0886666667,ar,,42,16
20020.3446666667,rlast,,27,15
20020.3446666667,ar,,43,16
20020.528666666687,nand_issue,8,,
20020.6006666667,rlast,,28,15
20020.6006666667,ar,,44,16
20020.856666666703,rlast,,29,15
20020.856666666703,ar,,45,16
20021.112666666704,rlast,,30,15
20021.112666666704,ar,,46,16
20021.368666666705,rlast,,31,15
20021.368666666705,ar,,47,16
20021.552666666692,nand_issue,9,,
20022.576666666697,nand_issue,10,,
20023.6006666667,nand_issue,11,,
20030.705333333353,page_ready,8,,
20030.961333333355,rlast,,32,15
20030.961333333355,ar,,48,16
20031.217333333356,rlast,,33,15
20031.217333333356,ar,,49,16
20031.473333333357,rlast,,34,15
20031.473333333357,ar,,50,16
20031.72933333336,rlast,,35,15
20031.72933333336,page_ready,9,,
20031.72933333336,ar,,51,16
20031.98533333336,rlast,,36,15
20031.98533333336,ar,,52,16
20032.24133333336,rlast,,37,15
20032.24133333336,ar,,53,16
20032.497333333362,rlast,,38,15
20032.497333333362,ar,,54,16
20032.753333333363,rlast,,39,15
20032.753333333363,page_ready,10,,
20032.753333333363,ar,,55,16
20033.009333333364,rlast,,40,15
20033.009333333364,ar,,56,16
20033.265333333366,rlast,,41,15
20033.265333333366,ar,,57,16
20033.521333333367,rlast,,42,15
20033.521333333367,ar,,58,16
20033.777333333368,rlast,,43,15
20033.777333333368,page_ready,11,,
20033.777333333368,ar,,59,16
20034.03333333337,rlast,,44,15
20034.03333333337,ar,,60,16
20034.28933333337,rlast,,45,15
20034.28933333337,ar,,61,16
20034.54533333337,rlast,,46,15
20034.54533333337,ar,,62,16
20034.801333333373,rlast,,47,15
20034.801333333373,ar,,63,16
20035.057333333374,rlast,,48,15
20035.057333333374,ar,,64,16
20035.313333333375,rlast,,49,15
20035.313333333375,ar,,65,16
20035.569333333377,rlast,,50,15
20035.569333333377,ar,,66,16
20035.825333333378,rlast,,51,15
20035.825333333378,ar,,67,16
20036.08133333338,rlast,,52,15
20036.08133333338,ar,,68,16
20036.33733333338,rlast,,53,15
20036.33733333338,ar,,69,16
20036.59333333338,rlast,,54,15
20036.59333333338,ar,,70,16
20036.849333333383,rlast,,55,15
20036.849333333383,ar,,71,16
20037.105333333384,rlast,,56,15
20037.105333333384,ar,,72,16
20037.361333333385,rlast,,57,15
20037.361333333385,ar,,73,16
20037.617333333386,rlast,,58,15
20037.617333333386,ar,,74,16
20037.873333333388,rlast,,59,15
20037.873333333388,ar,,75,16
20038.057333333374,nand_issue,16,,
20038.12933333339,rlast,,60,15
20038.12933333339,ar,,76,16
20038.38533333339,rlast,,61,15
20038.38533333339,ar,,77,16
20038.64133333339,rlast,,62,15
20038.64133333339,ar,,78,16
20038.897333333392,rlast,,63,15
20038.897333333392,ar,,79,16
20039.08133333338,nand_issue,17,,
20040.105333333384,nand_issue,18,,
20041.12933333339,nand_issue,19,,
20048.23400000004,page_ready,16,,
20048.49000000004,rlast,,64,15
20048.49000000004,ar,,80,16
20048.746000000043,rlast,,65,15
20048.746000000043,ar,,81,16
20049.002000000044,rlast,,66,15
20049.002000000044,ar,,82,16
20049.258000000045,rlast,,67,15
20049.258000000045,page_ready,17,,
20049.258000000045,ar,,83,16
20049.514000000047,rlast,,68,15
20049.514000000047,ar,,84,16
20049.770000000048,rlast,,69,15
20049.770000000048,ar,,85,16
20050.02600000005,rlast,,70,15
20050.02600000005,ar,,86,16
20050.28200000005,rlast,,71,15
20050.28200000005,page_ready,18,,
20050.28200000005,ar,,87,16
20050.53800000005,rlast,,72,15
20050.53800000005,ar,,88,16
20050.794000000053,rlast,,73,15
20050.794000000053,ar,,89,16
20051.050000000054,rlast,,74,15
20051.050000000054,ar,,90,16
20051.306000000055,rlast,,75,15
20051.306000000055,page_ready,19,,
20051.306000000055,ar,,91,16
20051.562000000056,rlast,,76,15
20051.562000000056,ar,,92,16
20051.818000000058,rlast,,77,15
20051.818000000058,ar,,93,16
20052.07400000006,rlast,,78,15
20052.07400000006,ar,,94,16
20052.33000000006,rlast,,79,15
20052.33000000006,ar,,95,16
20052.58600000006,rlast,,80,15
20052.58600000006,ar,,96,16
20052.842000000062,rlast,,81,15
20052.842000000062,ar,,97,16
20053.098000000064,rlast,,82,15
20053.098000000064,ar,,98,16
20053.354000000065,rlast,,83,15
20053.354000000065,ar,,99,16
20053.610000000066,rlast,,84,15
20053.610000000066,ar,,100,16
20053.866000000067,rlast,,85,15
20053.866000000067,ar,,101,16
20054.12200000007,rlast,,86,15
20054.12200000007,ar,,102,16
20054.37800000007,rlast,,87,15
20054.37800000007,ar,,103,16
20054.63400000007,rlast,,88,15
20054.63400000007,ar,,104,16
20054.890000000072,rlast,,89,15
20054.890000000072,ar,,105,16
20055.146000000073,rlast,,90,15
20055.146000000073,ar,,106,16
20055.402000000075,rlast,,91,15
20055.402000000075,ar,,107,16
20055.58600000006,nand_issue,24,,
20055.658000000076,rlast,,92,15
20055.658000000076,ar,,108,16
20055.914000000077,rlast,,93,15
20055.914000000077,ar,,109,16
20056.17000000008,rlast,,94,15
20056.17000000008,ar,,110,16
20056.42600000008,rlast,,95,15
20056.42600000008,ar,,111,16
20056.610000000066,nand_issue,25,,
20057.63400000007,nand_issue,26,,
20058.658000000076,nand_issue,27,,
20065.762666666727,page_ready,24,,
20066.01866666673,rlast,,96,15
20066.01866666673,ar,,112,16
20066.27466666673,rlast,,97,15
20066.27466666673,ar,,113,16
20066.53066666673,rlast,,98,15
20066.53066666673,ar,,114,16
20066.786666666732,rlast,,99,15
20066.786666666732,page_ready,25,,
20066.786666666732,ar,,115,16
20067.042666666734,rlast,,100,15
20067.042666666734,ar,,116,16
20067.298666666735,rlast,,101,15
20067.298666666735,ar,,117,16
20067.554666666736,rlast,,102,15
20067.554666666736,ar,,118,16
20067.810666666737,rlast,,103,15
20067.810666666737,page_ready,26,,
20067.810666666737,ar,,119,16
20068.06666666674,rlast,,104,15
20068.06666666674,ar,,120,16
20068.32266666674,rlast,,105,15
20068.32266666674,ar,,121,16
20068.57866666674,rlast,,106,15
20068.57866666674,ar,,122,16
20068.834666666742,rlast,,107,15
20068.834666666742,page_ready,27,,
20068.834666666742,ar,,123,16
20069.090666666743,rlast,,108,15
20069.090666666743,ar,,124,16
20069.346666666745,rlast,,109,15
20069.346666666745,ar,,125,16
20069.602666666746,rlast,,110,15
20069.602666666746,ar,,126,16
20069.858666666747,rlast,,111,15
20069.858666666747,ar,,127,16
20070.11466666675,rlast,,112,15
20070.11466666675,ar,,128,16
20070.37066666675,rlast,,113,15
20070.37066666675,ar,,129,16
20070.62666666675,rlast,,114,15
20070.62666666675,ar,,130,16
20070.882666666752,rlast,,115,15
20070.882666666752,ar,,131,16
20071.138666666753,rlast,,116,15
20071.138666666753,ar,,132,16
20071.394666666754,rlast,,117,15
20071.394666666754,ar,,133,16
20071.650666666756,rlast,,118,15
20071.650666666756,ar,,134,16
20071.906666666757,rlast,,119,15
20071.906666666757,ar,,135,16
20072.162666666758,rlast,,120,15
20072.162666666758,ar,,136,16
20072.41866666676,rlast,,121,15
20072.41866666676,ar,,137,16
20072.67466666676,rlast,,122,15
20072.67466666676,ar,,138,16
20072.93066666676,rlast,,123,15
20072.93066666676,ar,,139,16
20073.11466666675,nand_issue,32,,
20073.186666666763,rlast,,124,15
20073.186666666763,ar,,140,16
20073.442666666764,rlast,,125,15
20073.442666666764,ar,,141,16
20073.698666666765,rlast,,126,15
20073.698666666765,ar,,142,16
20073.954666666767,rlast,,127,15
20073.954666666767,ar,,143,16
20074.138666666753,nand_issue,33,,
20075.162666666758,nand_issue,34,,
20076.186666666763,nand_issue,35,,
20083.291333333415,page_ready,32,,
20083.547333333416,rlast,,128,15
20083.547333333416,ar,,144,16
20083.803333333417,rlast,,129,15
20083.803333333417,ar,,145,16
20084.059333333418,rlast,,130,15
20084.059333333418,ar,,146,16
20084.31533333342,rlast,,131,15
20084.31533333342,page_ready,33,,
20084.31533333342,ar,,147,16
20084.57133333342,rlast,,132,15
20084.57133333342,ar,,148,16
20084.827333333422,rlast,,133,15
20084.827333333422,ar,,149,16
20085.083333333423,rlast,,134,15
20085.083333333423,ar,,150,16
20085.339333333424,rlast,,135,15
20085.339333333424,page_ready,34,,
20085.339333333424,ar,,151,16
20085.595333333426,rlast,,136,15
20085.595333333426,ar,,152,16
20085.851333333427,rlast,,137,15
20085.851333333427,ar,,153,16
20086.107333333428,rlast,,138,15
20086.107333333428,ar,,154,16
20086.36333333343,rlast,,139,15
20086.36333333343,page_ready,35,,
20086.36333333343,ar,,155,16
20086.61933333343,rlast,,140,15
20086.61933333343,ar,,156,16
20086.87533333343,rlast,,141,15
20086.87533333343,ar,,157,16
20087.131333333433,rlast,,142,15
20087.131333333433,ar,,158,16
20087.387333333434,rlast,,143,15
20087.387333333434,ar,,159,16
20087.643333333435,rlast,,144,15
20087.643333333435,ar,,160,16
20087.899333333437,rlast,,145,15
20087.899333333437,ar,,161,16
20088.155333333438,rlast,,146,15
20088.155333333438,ar,,162,16
20088.41133333344,rlast,,147,15
20088.41133333344,ar,,163,16
20088.66733333344,rlast,,148,15
20088.66733333344,ar,,164,16
20088.92333333344,rlast,,149,15
20088.92333333344,ar,,165,16
20089.179333333443,rlast,,150,15
20089.179333333443,ar,,166,16
20089.435333333444,rlast,,151,15
20089.435333333444,ar,,167,16
20089.691333333445,rlast,,152,15
20089.691333333445,ar,,168,16
20089.947333333446,rlast,,153,15
20089.947333333446,ar,,169,16
20090.203333333448,rlast,,154,15
20090.203333333448,ar,,170,16
20090.45933333345,rlast,,155,15
20090.45933333345,ar,,171,16
20090.643333333435,nand_issue,40,,
20090.71533333345,rlast,,156,15
20090.71533333345,ar,,172,16
20090.97133333345,rlast,,157,15
20090.97133333345,ar,,173,16
20091.227333333452,rlast,,158,15
20091.227333333452,ar,,174,16
20091.483333333454,rlast,,159,15
20091.483333333454,ar,,175,16
20091.66733333344,nand_issue,41,,
20092.691333333445,nand_issue,42,,
20093.71533333345,nand_issue,43,,
20100.8200000001,page_ready,40,,
20101.076000000103,rlast,,160,15
20101.076000000103,ar,,176,16
20101.332000000104,rlast,,161,15
20101.332000000104,ar,,177,16
20101.588000000105,rlast,,162,15
20101.588000000105,ar,,178,16
20101.844000000106,rlast,,163,15
20101.844000000106,page_ready,41,,
20101.844000000106,ar,,179,16
20102.100000000108,rlast,,164,15
20102.100000000108,ar,,180,16
20102.35600000011,rlast,,165,15
20102.35600000011,ar,,181,16
20102.61200000011,rlast,,166,15
20102.61200000011,ar,,182,16
20102.86800000011,rlast,,167,15
20102.86800000011,page_ready,42,,
20102.86800000011,ar,,183,16
20103.124000000113,rlast,,168,15
20103.124000000113,ar,,184,16
20103.380000000114,rlast,,169,15
20103.380000000114,ar,,185,16
20103.636000000115,rlast,,170,15
20103.636000000115,ar,,186,16
20103.892000000116,rlast,,171,15
20103.892000000116,page_ready,43,,
20103.892000000116,ar,,187,16
20104.148000000117,rlast,,172,15
20104.148000000117,ar,,188,16
20104.40400000012,rlast,,173,15
20104.40400000012,ar,,189,16
20104.66000000012,rlast,,174,15
20104.66000000012,ar,,190,16
20104.91600000012,rlast,,175,15
20104.91600000012,ar,,191,16
20105.172000000122,rlast,,176,15
20105.172000000122,ar,,192,16
20105.428000000124,rlast,,177,15
20105.428000000124,ar,,193,16
20105.684000000125,rlast,,178,15
20105.684000000125,ar,,194,16
20105.940000000126,rlast,,179,15
20105.940000000126,ar,,195,16
20106.196000000127,rlast,,180,15
20106.196000000127,ar,,196,16
20106.45200000013,rlast,,181,15
20106.45200000013,ar,,197,16
20106.70800000013,rlast,,182,15
20106.70800000013,ar,,198,16
20106.96400000013,rlast,,183,15
20106.96400000013,ar,,199,16
20107.220000000132,rlast,,184,15
20107.220000000132,ar,,200,16
20107.476000000133,rlast,,185,15
20107.476000000133,ar,,201,16
20107.732000000135,rlast,,186,15
20107.732000000135,ar,,202,16
20107.988000000136,rlast,,187,15
20107.988000000136,ar,,203,16
20108.172000000122,nand_issue,48,,
20108.244000000137,rlast,,188,15
20108.244000000137,ar,,204,16
20108.50000000014,rlast,,189,15
20108.50000000014,ar,,205,16
20108.75600000014,rlast,,190,15
20108.75600000014,ar,,206,16
20109.01200000014,rlast,,191,15
20109.01200000014,ar,,207,16
20109.196000000127,nand_issue,49,,
20110.220000000132,nand_issue,50,,
20111.244000000137,nand_issue,51,,
20118.34866666679,page_ready,48,,
20118.60466666679,rlast,,192,15
20118.60466666679,ar,,208,16
20118.86066666679,rlast,,193,15
20118.86066666679,ar,,209,16
20119.116666666792,rlast,,194,15
20119.116666666792,ar,,210,16
20119.372666666794,rlast,,195,15
20119.372666666794,page_ready,49,,
20119.372666666794,ar,,211,16
20119.628666666795,rlast,,196,15
20119.628666666795,ar,,212,16
20119.884666666796,rlast,,197,15
20119.884666666796,ar,,213,16
20120.140666666797,rlast,,198,15
20120.140666666797,ar,,214,16
20120.3966666668,rlast,,199,15
20120.3966666668,page_ready,50,,
20120.3966666668,ar,,215,16
20120.6526666668,rlast,,200,15
20120.6526666668,ar,,216,16
20120.9086666668,rlast,,201,15
20120.9086666668,ar,,217,16
20121.164666666802,rlast,,202,15
20121.164666666802,ar,,218,16
20121.420666666803,rlast,,203,15
20121.420666666803,page_ready,51,,
20121.420666666803,ar,,219,16
20121.676666666805,rlast,,204,15
20121.676666666805,ar,,220,16
20121.932666666806,rlast,,205,15
20121.932666666806,ar,,221,16
20122.188666666807,rlast,,206,15
20122.188666666807,ar,,222,16
20122.44466666681,rlast,,207,15
20122.44466666681,ar,,223,16
20122.70066666681,rlast,,208,15
20122.70066666681,ar,,224,16
20122.95666666681,rlast,,209,15
20122.95666666681,ar,,225,16
20123.212666666812,rlast,,210,15
20123.212666666812,ar,,226,16
20123.468666666813,rlast,,211,15
20123.468666666813,ar,,227,16
20123.724666666814,rlast,,212,15
20123.724666666814,ar,,228,16
20123.980666666816,rlast,,213,15
20123.980666666816,ar,,229,16
20124.236666666817,rlast,,214,15
20124.236666666817,ar,,230,16
20124.492666666818,rlast,,215,15
20124.492666666818,ar,,231,16
20124.74866666682,rlast,,216,15
20124.74866666682,ar,,232,16
20125.00466666682,rlast,,217,15
20125.00466666682,ar,,233,16
20125.26066666682,rlast,,218,15
20125.26066666682,ar,,234,16
20125.516666666823,rlast,,219,15
20125.516666666823,ar,,235,16
20125.70066666681,nand_issue,56,,
20125.772666666824,rlast,,220,15
20125.772666666824,ar,,236,16
20126.028666666825,rlast,,221,15
20126.028666666825,ar,,237,16
20126.284666666827,rlast,,222,15
20126.284666666827,ar,,238,16
20126.540666666828,rlast,,223,15
20126.540666666828,ar,,239,16
20126.724666666814,nand_issue,57,,
20127.74866666682,nand_issue,58,,
20128.772666666824,nand_issue,59,,
20135.877333333476,page_ready,56,,
20136.133333333477,rlast,,224,15
20136.133333333477,ar,,240,16
20136.389333333478,rlast,,225,15
20136.389333333478,ar,,241,16
20136.64533333348,rlast,,226,15
20136.64533333348,ar,,242,16
20136.90133333348,rlast,,227,15
20136.90133333348,page_ready,57,,
20136.90133333348,ar,,243,16
20137.15733333348,rlast,,228,15
20137.15733333348,ar,,244,16
20137.413333333483,rlast,,229,15
20137.413333333483,ar,,245,16
20137.669333333484,rlast,,230,15
20137.669333333484,ar,,246,16
20137.925333333485,rlast,,231,15
20137.925333333485,page_ready,58,,
20137.925333333485,ar,,247,16
20138.181333333487,rlast,,232,15
20138.181333333487,ar,,248,16
20138.437333333488,rlast,,233,15
20138.437333333488,ar,,249,16
20138.69333333349,rlast,,234,15
20138.69333333349,ar,,250,16
20138.94933333349,rlast,,235,15
20138.94933333349,page_ready,59,,
20138.94933333349,ar,,251,16
20139.20533333349,rlast,,236,15
20139.20533333349,ar,,252,16
20139.461333333493,rlast,,237,15
20139.461333333493,ar,,253,16
20139.717333333494,rlast,,238,15
20139.717333333494,ar,,254,16
20139.973333333495,rlast,,239,15
20139.973333333495,ar,,255,16
20140.229333333496,rlast,,240,15
20140.229333333496,ar,,256,16
20140.485333333498,rlast,,241,15
20140.485333333498,ar,,257,16
20140.7413333335,rlast,,242,15
20140.7413333335,ar,,258,16
20140.9973333335,rlast,,243,15
20140.9973333335,ar,,259,16
20141.2533333335,rlast,,244,15
20141.2533333335,ar,,260,16
20141.509333333503,rlast,,245,15
20141.509333333503,ar,,261,16
20141.765333333504,rlast,,246,15
20141.765333333504,ar,,262,16
20142.021333333505,rlast,,247,15
20142.021333333505,ar,,263,16
20142.277333333506,rlast,,248,15
20142.277333333506,ar,,264,16
20142.533333333507,rlast,,249,15
20142.533333333507,ar,,265,16
20142.78933333351,rlast,,250,15
20142.78933333351,ar,,266,16
20143.04533333351,rlast,,251,15
20143.04533333351,ar,,267,16
20143.229333333496,nand_issue,64,,
20143.30133333351,rlast,,252,15
20143.30133333351,ar,,268,16
20143.557333333512,rlast,,253,15
20143.557333333512,ar,,269,16
20143.813333333514,rlast,,254,15
20143.813333333514,ar,,270,16
20144.069333333515,rlast,,255,15
20144.069333333515,ar,,271,16
20144.2533333335,nand_issue,65,,
20145.277333333506,nand_issue,66,,
20146.30133333351,nand_issue,67,,
20153.406000000163,page_ready,64,,
20153.662000000164,rlast,,256,15
20153.662000000164,ar,,272,16
20153.918000000165,rlast,,257,15
20153.918000000165,ar,,273,16
20154.174000000166,rlast,,258,15
20154.174000000166,ar,,274,16
20154.430000000168,rlast,,259,15
20154.430000000168,page_ready,65,,
20154.430000000168,ar,,275,16
20154.68600000017,rlast,,260,15
20154.68600000017,ar,,276,16
20154.94200000017,rlast,,261,15
20154.94200000017,ar,,277,16
20155.19800000017,rlast,,262,15
20155.19800000017,ar,,278,16
20155.454000000173,rlast,,263,15
20155.454000000173,page_ready,66,,
20155.454000000173,ar,,279,16
20155.710000000174,rlast,,264,15
20155.710000000174,ar,,280,16
20155.966000000175,rlast,,265,15
20155.966000000175,ar,,281,16
20156.222000000176,rlast,,266,15
20156.222000000176,ar,,282,16
20156.478000000177,rlast,,267,15
20156.478000000177,page_ready,67,,
20156.478000000177,ar,,283,16
20156.73400000018,rlast,,268,15
20156.73400000018,ar,,284,16
20156.99000000018,rlast,,269,15
20156.99000000018,ar,,285,16
20157.24600000018,rlast,,270,15
20157.24600000018,ar,,286,16
20157.502000000182,rlast,,271,15
20157.502000000182,ar,,287,16
20157.758000000184,rlast,,272,15
20157.758000000184,ar,,288,16
20158.014000000185,rlast,,273,15
20158.014000000185,ar,,289,16
20158.270000000186,rlast,,274,15
20158.270000000186,ar,,290,16
20158.526000000187,rlast,,275,15
20158.526000000187,ar,,291,16
20158.78200000019,rlast,,276,15
20158.78200000019,ar,,292,16
20159.03800000019,rlast,,277,15
20159.03800000019,ar,,293,16
20159.29400000019,rlast,,278,15
20159.29400000019,ar,,294,16
20159.550000000192,rlast,,279,15
20159.550000000192,ar,,295,16
20159.806000000193,rlast,,280,15
20159.806000000193,ar,,296,16
20160.062000000195,rlast,,281,15
20160.062000000195,ar,,297,16
20160.318000000196,rlast,,282,15
20160.318000000196,ar,,298,16
20160.574000000197,rlast,,283,15
20160.574000000197,ar,,299,16
20160.758000000184,nand_issue,72,,
20160.8300000002,rlast,,284,15
20160.8300000002,ar,,300,16
20161.0860000002,rlast,,285,15
20161.0860000002,ar,,301,16
20161.3420000002,rlast,,286,15
20161.3420000002,ar,,302,16
20161.598000000202,rlast,,287,15
20161.598000000202,ar,,303,16
20161.78200000019,nand_issue,73,,
20162.806000000193,nand_issue,74,,
20163.8300000002,nand_issue,75,,
20170.93466666685,page_ready,72,,
20171.19066666685,rlast,,288,15
20171.19066666685,ar,,304,16
20171.446666666852,rlast,,289,15
20171.446666666852,ar,,305,16
20171.702666666853,rlast,,290,15
20171.702666666853,ar,,306,16
20171.958666666855,rlast,,291,15
20171.958666666855,page_ready,73,,
20171.958666666855,ar,,307,16
20172.214666666856,rlast,,292,15
20172.214666666856,ar,,308,16
20172.470666666857,rlast,,293,15
20172.470666666857,ar,,309,16
20172.72666666686,rlast,,294,15
20172.72666666686,ar,,310,16
20172.98266666686,rlast,,295,15
20172.98266666686,page_ready,74,,
20172.98266666686,ar,,311,16
20173.23866666686,rlast,,296,15
20173.23866666686,ar,,312,16
20173.494666666862,rlast,,297,15
20173.494666666862,ar,,313,16
20173.750666666863,rlast,,298,15
20173.750666666863,ar,,314,16
20174.006666666864,rlast,,299,15
20174.006666666864,page_ready,75,,
20174.006666666864,ar,,315,16
20174.262666666866,rlast,,300,15
20174.262666666866,ar,,316,16
20174.518666666867,rlast,,301,15
20174.518666666867,ar,,317,16
20174.774666666868,rlast,,302,15
20174.774666666868,ar,,318,16
20175.03066666687,rlast,,303,15
20175.03066666687,ar,,319,16
20175.28666666687,rlast,,304,15
20175.28666666687,ar,,320,16
20175.54266666687,rlast,,305,15
20175.54266666687,ar,,321,16
20175.798666666873,rlast,,306,15
20175.798666666873,ar,,322,16
20176.054666666874,rlast,,307,15
20176.054666666874,ar,,323,16
20176.310666666875,rlast,,308,15
20176.310666666875,ar,,324,16
20176.566666666877,rlast,,309,15
20176.566666666877,ar,,325,16
20176.822666666878,rlast,,310,15
20176.822666666878,ar,,326,16
20177.07866666688,rlast,,311,15
20177.07866666688,ar,,327,16
20177.33466666688,rlast,,312,15
20177.33466666688,ar,,328,16
20177.59066666688,rlast,,313,15
20177.59066666688,ar,,329,16
20177.846666666883,rlast,,314,15
20177.846666666883,ar,,330,16
20178.102666666884,rlast,,315,15
20178.102666666884,ar,,331,16
20178.28666666687,nand_issue,80,,
20178.358666666885,rlast,,316,15
20178.358666666885,ar,,332,16
20178.614666666886,rlast,,317,15
20178.614666666886,ar,,333,16
20178.870666666888,rlast,,318,15
20178.870666666888,ar,,334,16
20179.12666666689,rlast,,319,15
20179.12666666689,ar,,335,16
20179.310666666875,nand_issue,81,,
20180.33466666688,nand_issue,82,,
20181.358666666885,nand_issue,83,,
20188.463333333537,page_ready,80,,
20188.719333333538,rlast,,320,15
20188.719333333538,ar,,336,16
20188.97533333354,rlast,,321,15
20188.97533333354,ar,,337,16
20189.23133333354,rlast,,322,15
20189.23133333354,ar,,338,16
20189.48733333354,rlast,,323,15
20189.48733333354,page_ready,81,,
20189.48733333354,ar,,339,16
20189.743333333543,rlast,,324,15
20189.743333333543,ar,,340,16
20189.999333333544,rlast,,325,15
20189.999333333544,ar,,341,16
20190.255333333545,rlast,,326,15
20190.255333333545,ar,,342,16
20190.511333333547,rlast,,327,15
20190.511333333547,page_ready,82,,
20190.511333333547,ar,,343,16
20190.767333333548,rlast,,328,15
20190.767333333548,ar,,344,16
20191.02333333355,rlast,,329,15
20191.02333333355,ar,,345,16
20191.27933333355,rlast,,330,15
20191.27933333355,ar,,346,16
20191.53533333355,rlast,,331,15
20191.53533333355,page_ready,83,,
20191.53533333355,ar,,347,16
20191.791333333553,rlast,,332,15
20191.791333333553,ar,,348,16
20192.047333333554,rlast,,333,15
20192.047333333554,ar,,349,16
20192.303333333555,rlast,,334,15
20192.303333333555,ar,,350,16
20192.559333333556,rlast,,335,15
20192.559333333556,ar,,351,16
20192.815333333558,rlast,,336,15
20192.815333333558,ar,,352,16
20193.07133333356,rlast,,337,15
20193.07133333356,ar,,353,16
20193.32733333356,rlast,,338,15
20193.32733333356,ar,,354,16
20193.58333333356,rlast,,339,15
20193.58333333356,ar,,355,16
20193.839333333563,rlast,,340,15
20193.839333333563,ar,,356,16
20194.095333333564,rlast,,341,15
20194.095333333564,ar,,357,16
20194.351333333565,rlast,,342,15
20194.351333333565,ar,,358,16
20194.607333333566,rlast,,343,15
20194.607333333566,ar,,359,16
20194.863333333567,rlast,,344,15
20194.863333333567,ar,,360,16
20195.11933333357,rlast,,345,15
20195.11933333357,ar,,361,16
20195.37533333357,rlast,,346,15
20195.37533333357,ar,,362,16
20195.63133333357,rlast,,347,15
20195.63133333357,ar,,363,16
20195.815333333558,nand_issue,88,,
20195.887333333572,rlast,,348,15
20195.887333333572,ar,,364,16
20196.143333333574,rlast,,349,15
20196.143333333574,ar,,365,16
20196.399333333575,rlast,,350,15
20196.399333333575,ar,,366,16
20196.655333333576,rlast,,351,15
20196.655333333576,ar,,367,16
20196.839333333563,nand_issue,89,,
20197.863333333567,nand_issue,90,,
20198.887333333572,nand_issue,91,,
20205.992000000224,page_ready,88,,
20206.248000000225,rlast,,352,15
20206.248000000225,ar,,368,16
20206.504000000226,rlast,,353,15
20206.504000000226,ar,,369,16
20206.760000000228,rlast,,354,15
20206.760000000228,ar,,370,16
20207.01600000023,rlast,,355,15
20207.01600000023,page_ready,89,,
20207.01600000023,ar,,371,16
20207.27200000023,rlast,,356,15
20207.27200000023,ar,,372,16
20207.52800000023,rlast,,357,15
20207.52800000023,ar,,373,16
20207.784000000232,rlast,,358,15
20207.784000000232,ar,,374,16
20208.040000000234,rlast,,359,15
20208.040000000234,page_ready,90,,
20208.040000000234,ar,,375,16
20208.296000000235,rlast,,360,15
20208.296000000235,ar,,376,16
20208.552000000236,rlast,,361,15
20208.552000000236,ar,,377,16
20208.808000000237,rlast,,362,15
20208.808000000237,ar,,378,16
20209.06400000024,rlast,,363,15
20209.06400000024,page_ready,91,,
20209.06400000024,ar,,379,16
20209.32000000024,rlast,,364,15
20209.32000000024,ar,,380,16
20209.57600000024,rlast,,365,15
20209.57600000024,ar,,381,16
20209.832000000242,rlast,,366,15
20209.832000000242,ar,,382,16
20210.088000000243,rlast,,367,15
20210.088000000243,ar,,383,16
20210.344000000245,rlast,,368,15
20210.344000000245,ar,,384,16
20210.600000000246,rlast,,369,15
20210.600000000246,ar,,385,16
20210.856000000247,rlast,,370,15
20210.856000000247,ar,,386,16
20211.11200000025,rlast,,371,15
20211.11200000025,ar,,387,16
20211.36800000025,rlast,,372,15
20211.36800000025,ar,,388,16
20211.62400000025,rlast,,373,15
20211.62400000025,ar,,389,16
20211.880000000252,rlast,,374,15
20211.880000000252,ar,,390,16
20212.136000000253,rlast,,375,15
20212.136000000253,ar,,391,16
20212.392000000254,rlast,,376,15
20212.392000000254,ar,,392,16
20212.648000000256,rlast,,377,15
20212.648000000256,ar,,393,16
20212.904000000257,rlast,,378,15
20212.904000000257,ar,,394,16
20213.160000000258,rlast,,379,15
20213.160000000258,ar,,395,16
20213.344000000245,nand_issue,96,,
20213.41600000026,rlast,,380,15
20213.41600000026,ar,,396,16
20213.67200000026,rlast,,381,15
20213.67200000026,ar,,397,16
20213.92800000026,rlast,,382,15
20213.92800000026,ar,,398,16
20214.184000000263,rlast,,383,15
20214.184000000263,ar,,399,16
20214.36800000025,nand_issue,97,,
20215.392000000254,nand_issue,98,,
20216.41600000026,nand_issue,99,,
20223.52066666691,page_ready,96,,
20223.776666666912,rlast,,384,15
20223.776666666912,ar,,400,16
20224.032666666913,rlast,,385,15
20224.032666666913,ar,,401,16
20224.288666666915,rlast,,386,15
20224.288666666915,ar,,402,16
20224.544666666916,rlast,,387,15
20224.544666666916,page_ready,97,,
20224.544666666916,ar,,403,16
20224.800666666917,rlast,,388,15
20224.800666666917,ar,,404,16
20225.05666666692,rlast,,389,15
20225.05666666692,ar,,405,16
20225.31266666692,rlast,,390,15
20225.31266666692,ar,,406,16
20225.56866666692,rlast,,391,15
20225.56866666692,page_ready,98,,
20225.56866666692,ar,,407,16
20225.824666666922,rlast,,392,15
20225.824666666922,ar,,408,16
20226.080666666923,rlast,,393,15
20226.080666666923,ar,,409,16
20226.336666666924,rlast,,394,15
20226.336666666924,ar,,410,16
20226.592666666926,rlast,,395,15
20226.592666666926,page_ready,99,,
20226.592666666926,ar,,411,16
20226.848666666927,rlast,,396,15
20226.848666666927,ar,,412,16
20227.104666666928,rlast,,397,15
20227.104666666928,ar,,413,16
20227.36066666693,rlast,,398,15
20227.36066666693,ar,,414,16
20227.61666666693,rlast,,399,15
20227.61666666693,ar,,415,16
20227.87266666693,rlast,,400,15
20227.87266666693,ar,,416,16
20228.128666666933,rlast,,401,15
20228.128666666933,ar,,417,16
20228.384666666934,rlast,,402,15
20228.384666666934,ar,,418,16
20228.640666666935,rlast,,403,15
20228.640666666935,ar,,419,16
20228.896666666937,rlast,,404,15
20228.896666666937,ar,,420,16
20229.152666666938,rlast,,405,15
20229.152666666938,ar,,421,16
20229.40866666694,rlast,,406,15
20229.40866666694,ar,,422,16
20229.66466666694,rlast,,407,15
20229.66466666694,ar,,423,16
20229.92066666694,rlast,,408,15
20229.92066666694,ar,,424,16
20230.176666666943,rlast,,409,15
20230.176666666943,ar,,425,16
20230.432666666944,rlast,,410,15
20230.432666666944,ar,,426,16
20230.688666666945,rlast,,411,15
20230.688666666945,ar,,427,16
20230.87266666693,nand_issue,104,,
20230.944666666946,rlast,,412,15
20230.944666666946,ar,,428,16
20231.200666666948,rlast,,413,15
20231.200666666948,ar,,429,16
20231.45666666695,rlast,,414,15
20231.45666666695,ar,,430,16
20231.71266666695,rlast,,415,15
20231.71266666695,ar,,431,16
20231.896666666937,nand_issue,105,,
20232.92066666694,nand_issue,106,,
20233.944666666946,nand_issue,107,,
20241.049333333598,page_ready,104,,
20241.3053333336,rlast,,416,15
20241.3053333336,ar,,432,16
20241.5613333336,rlast,,417,15
20241.5613333336,ar,,433,16
20241.8173333336,rlast,,418,15
20241.8173333336,ar,,434,16
20242.073333333603,rlast,,419,15
20242.073333333603,page_ready,105,,
20242.073333333603,ar,,435,16
20242.329333333604,rlast,,420,15
20242.329333333604,ar,,436,16
20242.585333333605,rlast,,421,15
20242.585333333605,ar,,437,16
20242.841333333607,rlast,,422,15
20242.841333333607,ar,,438,16
20243.097333333608,rlast,,423,15
20243.097333333608,page_ready,106,,
20243.097333333608,ar,,439,16
20243.35333333361,rlast,,424,15
20243.35333333361,ar,,440,16
20243.60933333361,rlast,,425,15
20243.60933333361,ar,,441,16
20243.86533333361,rlast,,426,15
20243.86533333361,ar,,442,16
20244.121333333613,rlast,,427,15
20244.121333333613,page_ready,107,,
20244.121333333613,ar,,443,16
20244.377333333614,rlast,,428,15
20244.377333333614,ar,,444,16
20244.633333333615,rlast,,429,15
20244.633333333615,ar,,445,16
20244.889333333616,rlast,,430,15
20244.889333333616,ar,,446,16
20245.145333333618,rlast,,431,15
20245.145333333618,ar,,447,16
20245.40133333362,rlast,,432,15
20245.40133333362,ar,,448,16
20245.65733333362,rlast,,433,15
20245.65733333362,ar,,449,16
20245.91333333362,rlast,,434,15
20245.91333333362,ar,,450,16
20246.169333333622,rlast,,435,15
20246.169333333622,ar,,451,16
20246.425333333624,rlast,,436,15
20246.425333333624,ar,,452,16
20246.681333333625,rlast,,437,15
20246.681333333625,ar,,453,16
20246.937333333626,rlast,,438,15
20246.937333333626,ar,,454,16
20247.193333333627,rlast,,439,15
20247.193333333627,ar,,455,16
20247.44933333363,rlast,,440,15
20247.44933333363,ar,,456,16
20247.70533333363,rlast,,441,15
20247.70533333363,ar,,457,16
20247.96133333363,rlast,,442,15
20247.96133333363,ar,,458,16
20248.217333333632,rlast,,443,15
20248.217333333632,ar,,459,16
20248.40133333362,nand_issue,112,,
20248.473333333633,rlast,,444,15
20248.473333333633,ar,,460,16
20248.729333333635,rlast,,445,15
20248.729333333635,ar,,461,16
20248.985333333636,rlast,,446,15
20248.985333333636,ar,,462,16
20249.241333333637,rlast,,447,15
20249.241333333637,ar,,463,16
20249.425333333624,nand_issue,113,,
20250.44933333363,nand_issue,114,,
20251.473333333633,nand_issue,115,,
20258.578000000285,page_ready,112,,
20258.834000000286,rlast,,448,15
20258.834000000286,ar,,464,16
20259.090000000288,rlast,,449,15
20259.090000000288,ar,,465,16
20259.34600000029,rlast,,450,15
20259.34600000029,ar,,466,16
20259.60200000029,rlast,,451,15
20259.60200000029,page_ready,113,,
20259.60200000029,ar,,467,16
20259.85800000029,rlast,,452,15
20259.85800000029,ar,,468,16
20260.114000000292,rlast,,453,15
20260.114000000292,ar,,469,16
20260.370000000294,rlast,,454,15
20260.370000000294,ar,,470,16
20260.626000000295,rlast,,455,15
20260.626000000295,page_ready,114,,
20260.626000000295,ar,,471,16
20260.882000000296,rlast,,456,15
20260.882000000296,ar,,472,16
20261.138000000297,rlast,,457,15
20261.138000000297,ar,,473,16
20261.3940000003,rlast,,458,15
20261.3940000003,ar,,474,16
20261.6500000003,rlast,,459,15
20261.6500000003,page_ready,115,,
20261.6500000003,ar,,475,16
20261.9060000003,rlast,,460,15
20261.9060000003,ar,,476,16
20262.162000000302,rlast,,461,15
20262.162000000302,ar,,477,16
20262.418000000303,rlast,,462,15
20262.418000000303,ar,,478,16
20262.674000000305,rlast,,463,15
20262.674000000305,ar,,479,16
20262.930000000306,rlast,,464,15
20262.930000000306,ar,,480,16
20263.186000000307,rlast,,465,15
20263.186000000307,ar,,481,16
20263.44200000031,rlast,,466,15
20263.44200000031,ar,,482,16
20263.69800000031,rlast,,467,15
20263.69800000031,ar,,483,16
20263.95400000031,rlast,,468,15
20263.95400000031,ar,,484,16
20264.210000000312,rlast,,469,15
20264.210000000312,ar,,485,16
20264.466000000313,rlast,,470,15
20264.466000000313,ar,,486,16
20264.722000000314,rlast,,471,15
20264.722000000314,ar,,487,16
20264.978000000316,rlast,,472,15
20264.978000000316,ar,,488,16
20265.234000000317,rlast,,473,15
20265.234000000317,ar,,489,16
20265.490000000318,rlast,,474,15
20265.490000000318,ar,,490,16
20265.74600000032,rlast,,475,15
20265.74600000032,ar,,491,16
20265.930000000306,nand_issue,120,,
20266.00200000032,rlast,,476,15
20266.00200000032,ar,,492,16
20266.25800000032,rlast,,477,15
20266.25800000032,ar,,493,16
20266.514000000323,rlast,,478,15
20266.514000000323,ar,,494,16
20266.770000000324,rlast,,479,15
20266.770000000324,ar,,495,16
20266.95400000031,nand_issue,121,,
20267.978000000316,nand_issue,122,,
20269.00200000032,nand_issue,123,,
20276.106666666972,page_ready,120,,
20276.362666666973,rlast,,480,15
20276.362666666973,ar,,496,16
20276.618666666975,rlast,,481,15
20276.618666666975,ar,,497,16
20276.874666666976,rlast,,482,15
20276.874666666976,ar,,498,16
20277.130666666977,rlast,,483,15
20277.130666666977,page_ready,121,,
20277.130666666977,ar,,499,16
20277.38666666698,rlast,,484,15
20277.38666666698,ar,,500,16
20277.64266666698,rlast,,485,15
20277.64266666698,ar,,501,16
20277.89866666698,rlast,,486,15
20277.89866666698,ar,,502,16
20278.154666666982,rlast,,487,15
20278.154666666982,page_ready,122,,
20278.154666666982,ar,,503,16
20278.410666666983,rlast,,488,15
20278.410666666983,ar,,504,16
20278.666666666984,rlast,,489,15
20278.666666666984,ar,,505,16
20278.922666666986,rlast,,490,15
20278.922666666986,ar,,506,16
20279.178666666987,rlast,,491,15
20279.178666666987,page_ready,123,,
20279.178666666987,ar,,507,16
20279.434666666988,rlast,,492,15
20279.434666666988,ar,,508,16
20279.69066666699,rlast,,493,15
20279.69066666699,ar,,509,16
20279.94666666699,rlast,,494,15
20279.94666666699,ar,,510,16
20280.20266666699,rlast,,495,15
20280.20266666699,ar,,511,16
20280.458666666993,rlast,,496,15
20280.714666666994,rlast,,497,14
20280.970666666995,rlast,,498,13
20281.226666666997,rlast,,499,12
20281.482666666998,rlast,,500,11
20281.738666667,rlast,,501,10
20281.994666667,rlast,,502,9
20282.250666667,rlast,,503,8
20282.506666667003,rlast,,504,7
20282.762666667004,rlast,,505,6
20283.018666667005,rlast,,506,5
20283.274666667006,rlast,,507,4
20283.530666667008,rlast,,508,3
20283.78666666701,rlast,,509,2
20284.04266666701,rlast,,510,1
20284.29866666701,rlast,,511,0
