request,demand_us,first_ar_us,first_data_us,full_us,full_latency_us,service_us
0,20000.0,20000.0,20013.178666666667,20017.272666666686,17.272666666685836,17.272666666685836
1,20000.0,20013.432666666668,20017.274666666686,20021.368666666705,21.368666666705394,7.936000000037893
2,20000.0,20017.528666666687,20030.707333333354,20034.801333333373,34.801333333372895,17.272666666685836
3,20000.0,20030.961333333355,20034.803333333373,20038.897333333392,38.89733333339245,7.936000000037893
4,20000.0,20035.057333333374,20048.23600000004,20052.33000000006,52.330000000059954,17.272666666685836
5,20000.0,20048.49000000004,20052.33200000006,20056.42600000008,56.42600000007951,7.936000000037893
6,20000.0,20052.58600000006,20065.764666666728,20069.858666666747,69.85866666674701,17.272666666685836
7,20000.0,20066.01866666673,20069.860666666747,20073.954666666767,73.95466666676657,7.936000000037893
8,20000.0,20070.11466666675,20083.293333333415,20087.387333333434,87.38733333343407,17.272666666685836
9,20000.0,20083.547333333416,20087.389333333434,20091.483333333454,91.48333333345363,7.936000000037893
10,20000.0,20087.643333333435,20100.822000000102,20104.91600000012,104.91600000012113,17.272666666685836
11,20000.0,20101.076000000103,20104.91800000012,20109.01200000014,109.01200000014069,7.936000000037893
12,20000.0,20105.172000000122,20118.35066666679,20122.44466666681,122.44466666680819,17.272666666685836
13,20000.0,20118.60466666679,20122.44666666681,20126.540666666828,126.54066666682775,7.936000000037893
14,20000.0,20122.70066666681,20135.879333333476,20139.973333333495,139.97333333349525,17.272666666685836
15,20000.0,20136.133333333477,20139.975333333496,20144.069333333515,144.0693333335148,7.936000000037893
16,20000.0,20140.229333333496,20153.408000000163,20157.502000000182,157.5020000001823,17.272666666685836
17,20000.0,20153.662000000164,20157.504000000183,20161.598000000202,161.59800000020186,7.936000000037893
18,20000.0,20157.758000000184,20170.93666666685,20175.03066666687,175.03066666686937,17.272666666685836
19,20000.0,20171.19066666685,20175.03266666687,20179.12666666689,179.12666666688892,7.936000000037893
20,20000.0,20175.28666666687,20188.465333333537,20192.559333333556,192.55933333355642,17.272666666685836
21,20000.0,20188.719333333538,20192.561333333557,20196.655333333576,196.65533333357598,7.936000000037893
22,20000.0,20192.815333333558,20205.994000000224,20210.088000000243,210.08800000024348,17.272666666685836
23,20000.0,20206.248000000225,20210.090000000244,20214.184000000263,214.18400000026304,7.936000000037893
24,20000.0,20210.344000000245,20223.52266666691,20227.61666666693,227.61666666693054,17.272666666685836
25,20000.0,20223.776666666912,20227.61866666693,20231.71266666695,231.7126666669501,7.936000000037893
26,20000.0,20227.87266666693,20241.0513333336,20245.145333333618,245.1453333336176,17.272666666685836
27,20000.0,20241.3053333336,20245.147333333618,20249.241333333637,249.24133333363716,7.936000000037893
28,20000.0,20245.40133333362,20258.580000000286,20262.674000000305,262.67400000030466,17.272666666685836
29,20000.0,20258.834000000286,20262.676000000305,20266.770000000324,266.7700000003242,7.936000000037893
30,20000.0,20262.930000000306,20276.108666666973,20280.20266666699,280.2026666669917,17.272666666685836
31,20000.0,20276.362666666973,20280.204666666992,20284.29866666701,284.2986666670113,7.936000000037893
