burst,ar,lookup_start,lookup_complete_us,r_start,rlast
0,0.0,0.0,0.5,0.5,0.502
1,0.001,0.001,0.501,0.502,0.504
2,0.002,0.002,0.502,0.504,0.506
3,0.003,0.003,0.503,0.506,0.508
4,0.004,0.5,1.0,1.0,1.002
5,0.005,0.501,1.001,1.002,1.004
6,0.006,0.502,1.002,1.004,1.006
7,0.007,0.503,1.003,1.006,1.008
8,0.008,1.0,1.5,1.5,1.502
9,0.009,1.001,1.501,1.502,1.504
10,0.01,1.002,1.502,1.504,1.506
11,0.011,1.003,1.503,1.506,1.508
12,0.012,1.5,2.0,2.0,2.002
13,0.013,1.501,2.001,2.002,2.004
14,0.014,1.502,2.002,2.004,2.006
15,0.015,1.503,2.003,2.006,2.008
