scenario,outstanding,lookup_slots,lookup_us,mean_request_latency_us,p95_request_latency_us,mean_request_service_us,mean_first_data_latency_us,mean_burst_latency_us,throughput_gbps,completion_span_us,peak_outstanding,buffer_peak_bytes,ready_hit_at_ar,ready_hit_at_lookup,late_hit_at_ar,r_idle_us,hol_idle_us,nand_bytes,peak_lookup_active,peak_lookup_queue,mean_lookup_wait_us,max_lookup_wait_us,mean_ar_to_lookup_done_us,p99_burst_latency_us,tail_throughput_gbps
ready,100,1,0.5,8448.002,15872.002,559.9531875,7936.500999999999,49.9243240356445,0.1279999843750019,16384.002,100,2097152,1.0,1.0,0.0,16318.465999986649,0.0,2097152,1,99,49.422324035644095,49.49799999999959,49.922324035644095,50.0,0.128
ready,100,4,0.5,2112.0080000000016,3968.0080000000016,139.63106250000124,1984.5010000000002,12.481553649902317,0.511999000001953,4096.008000000002,100,2097152,1.0,1.0,0.0,4030.47199998665,0.0,2097152,4,96,11.978053649901604,11.997999999999593,12.478053649901604,12.5,0.512
ready,100,16,0.5,528.0320000000065,992.0320000000065,34.91306250000139,496.5010000000002,3.1208739624023236,2.0479360019999246,1024.0320000000065,100,2097152,1.0,1.0,0.0,958.4959999866551,0.0,2097152,16,84,2.611373962400388,2.973999999994703,3.111373962400388,3.4759999999951106,2.048
ready,100,64,0.5,132.12800000002608,248.12800000002608,8.55618750001463,124.5010000000002,0.7807787475586097,8.187906046975678,256.1280000000261,100,2097152,1.0,1.0,0.0,190.59199998667464,0.0,2097152,64,36,0.2472787475517848,0.44199999998818384,0.7472787475517848,0.9439999999885913,8.192
ready,100,100,0.5,85.16012500008992,159.7220000001471,5.62462500000629,80.03650000008383,0.502151062012157,12.726209114618314,164.79000000016094,100,2097152,1.0,1.0,0.0,99.2539999868095,0.0,2097152,100,0,0.0,0.0,0.5,0.5020000000004075,12.741518421299112
ready,100,128,0.5,85.16012500008992,159.7220000001471,5.62462500000629,80.03650000008383,0.502151062012157,12.726209114618314,164.79000000016094,100,2097152,1.0,1.0,0.0,99.2539999868095,0.0,2097152,100,0,0.0,0.0,0.5,0.5020000000004075,12.741518421299112
ready,100,200,0.5,85.16012500008992,159.7220000001471,5.62462500000629,80.03650000008383,0.502151062012157,12.726209114618314,164.79000000016094,100,2097152,1.0,1.0,0.0,99.2539999868095,0.0,2097152,100,0,0.0,0.0,0.5,0.5020000000004075,12.741518421299112
ready,100,249,0.5,85.16012500008992,159.7220000001471,5.62462500000629,80.03650000008383,0.502151062012157,12.726209114618314,164.79000000016094,100,2097152,1.0,1.0,0.0,99.2539999868095,0.0,2097152,100,0,0.0,0.0,0.5,0.5020000000004075,12.741518421299112
ready,100,250,0.5,85.16012500008992,159.7220000001471,5.62462500000629,80.03650000008383,0.502151062012157,12.726209114618314,164.79000000016094,100,2097152,1.0,1.0,0.0,99.2539999868095,0.0,2097152,100,0,0.0,0.0,0.5,0.5020000000004075,12.741518421299112
ready,100,251,0.5,85.16012500008992,159.7220000001471,5.62462500000629,80.03650000008383,0.502151062012157,12.726209114618314,164.79000000016094,100,2097152,1.0,1.0,0.0,99.2539999868095,0.0,2097152,100,0,0.0,0.0,0.5,0.5020000000004075,12.741518421299112
ready,100,500,0.5,85.16012500008992,159.7220000001471,5.62462500000629,80.03650000008383,0.502151062012157,12.726209114618314,164.79000000016094,100,2097152,1.0,1.0,0.0,99.2539999868095,0.0,2097152,100,0,0.0,0.0,0.5,0.5020000000004075,12.741518421299112
ready,100,unlimited,0.5,85.16012500008992,159.7220000001471,5.62462500000629,80.03650000008383,0.502151062012157,12.726209114618314,164.79000000016094,100,2097152,1.0,1.0,0.0,99.2539999868095,0.0,2097152,100,0,0.0,0.0,0.5,0.5020000000004075,12.741518421299112
ready,100,unlimited,0.0,33.79200000688434,63.48800001293421,2.23981250045631,31.745000006467308,0.19939877323398225,31.999999993480742,65.53600001335144,100,2097152,1.0,1.0,0.0,0.0,0.0,2097152,1,0,0.0,0.0,0.0,0.20000000004074536,31.999999993480742
ready,200,1,0.5,8448.002,15872.002,608.3906875,7936.500999999999,99.69575500488268,0.1279999843750019,16384.002,200,2097152,1.0,1.0,0.0,16318.465999986649,0.0,2097152,1,199,99.19375500488228,99.49799999999959,99.69375500488228,100.0,0.128
ready,200,4,0.5,2112.0080000000016,3968.0080000000016,151.74043750000124,1984.5010000000002,24.92465515136707,0.511999000001953,4096.008000000002,200,2097152,1.0,1.0,0.0,4030.47199998665,0.0,2097152,4,196,24.421155151366357,24.497999999999593,24.921155151366357,25.0,0.512
ready,200,16,0.5,528.0320000000065,992.0320000000065,37.82706250000297,496.5010000000002,6.231920288085835,2.0479360019999246,1024.0320000000065,200,2097152,1.0,1.0,0.0,958.4959999866551,0.0,2097152,16,184,5.7224202880838995,5.981999999996333,6.2224202880838995,6.48399999999674,2.048
ready,200,64,0.5,132.12800000002608,248.12800000002608,9.470687500003578,124.5010000000002,1.5590072021483974,8.187906046975678,256.1280000000261,200,2097152,1.0,1.0,0.0,190.59199998667464,0.0,2097152,64,136,1.0255072021415725,1.3859999999767751,1.5255072021415725,1.8879999999771826,8.192
ready,200,100,0.5,84.82325000002129,159.08800000001793,6.086687500001744,79.72000000001935,0.9984832763671894,12.776916703219563,164.1360000000277,200,2097152,1.0,1.0,0.0,98.59999998667627,0.0,2097152,100,100,0.4470164794817042,0.49799999999959255,0.9470164794817042,1.0,12.792504391958856
ready,200,128,0.5,66.25600000005215,124.25600000005215,4.629937500029655,62.501000000000204,0.7804544677734992,16.351297405182972,128.25600000005215,200,2097152,1.0,1.0,0.0,62.719999986700714,0.0,2097152,128,72,0.21495446776015514,0.38599999997677514,0.7149544677601551,0.8879999999771826,16.384
ready,200,200,0.5,42.856812500075876,80.10400000012305,3.0643750000067485,40.29343750006933,0.5026072998052187,25.37020638257698,82.66200000013487,200,2097152,1.0,1.0,0.0,17.125999986783427,0.0,2097152,200,0,0.0,0.0,0.5,0.5020000000004075,25.49294952833109
ready,200,249,0.5,42.856812500075876,80.10400000012305,3.0643750000067485,40.29343750006933,0.5026072998052187,25.37020638257698,82.66200000013487,200,2097152,1.0,1.0,0.0,17.125999986783427,0.0,2097152,200,0,0.0,0.0,0.5,0.5020000000004075,25.49294952833109
ready,200,250,0.5,42.856812500075876,80.10400000012305,3.0643750000067485,40.29343750006933,0.5026072998052187,25.37020638257698,82.66200000013487,200,2097152,1.0,1.0,0.0,17.125999986783427,0.0,2097152,200,0,0.0,0.0,0.5,0.5020000000004075,25.49294952833109
ready,200,251,0.5,42.856812500075876,80.10400000012305,3.0643750000067485,40.29343750006933,0.5026072998052187,25.37020638257698,82.66200000013487,200,2097152,1.0,1.0,0.0,17.125999986783427,0.0,2097152,200,0,0.0,0.0,0.5,0.5020000000004075,25.49294952833109
ready,200,500,0.5,42.856812500075876,80.10400000012305,3.0643750000067485,40.29343750006933,0.5026072998052187,25.37020638257698,82.66200000013487,200,2097152,1.0,1.0,0.0,17.125999986783427,0.0,2097152,200,0,0.0,0.0,0.5,0.5020000000004075,25.49294952833109
ready,200,unlimited,0.5,42.856812500075876,80.10400000012305,3.0643750000067485,40.29343750006933,0.5026072998052187,25.37020638257698,82.66200000013487,200,2097152,1.0,1.0,0.0,17.125999986783427,0.0,2097152,200,0,0.0,0.0,0.5,0.5020000000004075,25.49294952833109
ready,200,unlimited,0.0,33.79200000688434,63.48800001293421,2.433562500495782,31.745000006467308,0.39757687386029394,31.999999993480742,65.53600001335144,200,2097152,1.0,1.0,0.0,0.0,0.0,2097152,1,0,0.0,0.0,0.0,0.4000000000814907,31.999999993480742
ready,300,1,0.5,8448.002,15872.002,656.8281875,7936.500999999999,149.31429290771456,0.1279999843750019,16384.002,300,2097152,1.0,1.0,0.0,16318.465999986649,0.0,2097152,1,299,148.81229290771415,149.4979999999996,149.31229290771415,150.0,0.128
ready,300,4,0.5,2112.0080000000016,3968.0080000000016,163.84981250000124,1984.5010000000002,37.32930450439426,0.511999000001953,4096.008000000002,300,2097152,1.0,1.0,0.0,4030.47199998665,0.0,2097152,4,296,36.825804504393545,36.99799999999959,37.325804504393545,37.5,0.512
ready,300,16,0.5,528.0320000000065,992.0320000000065,40.741062500004546,496.5010000000002,9.333138977050535,2.0479360019999246,1024.0320000000065,300,2097152,1.0,1.0,0.0,958.4959999866551,0.0,2097152,16,284,8.8236389770486,8.989999999997963,9.3236389770486,9.49199999999837,2.048
ready,300,64,0.5,132.12800000002608,248.12800000002608,10.024812500017788,124.5010000000002,2.3344583129881293,8.187906046975678,256.1280000000261,300,2097152,1.0,1.0,0.0,190.59199998667464,0.0,2097152,64,236,1.8009583129813043,1.9579999999914435,2.3009583129813045,2.459999999991851,8.192
ready,300,100,0.5,84.82325000002129,159.08800000001793,6.571062500001744,79.72000000001935,1.4949783325194408,12.776916703219563,164.1360000000277,300,2097152,1.0,1.0,0.0,98.59999998667627,0.0,2097152,100,200,0.9435115356339556,0.9979999999995925,1.4435115356339556,1.5,12.792504391958856
ready,300,128,0.5,66.25600000005215,124.25600000005215,5.060062500018603,62.501000000000204,1.168504211425766,16.351297405182972,128.25600000005215,300,2097152,1.0,1.0,0.0,62.719999986700714,0.0,2097152,128,172,0.6030042114124219,0.8299999999653664,1.1030042114124219,1.331999999965774,16.384
ready,300,200,0.5,42.68887500004166,79.78800000005867,3.299187500000471,40.13562500003718,0.7492996215821497,25.47065682081054,82.33600000006845,300,2097152,1.0,1.0,0.0,16.799999986717012,0.0,2097152,200,100,0.1478865966591454,0.29999999995925464,0.6478865966591454,0.7999999999592546,25.595000976375875
ready,300,249,0.5,34.42681250004557,64.2420000000493,2.6534999999994398,32.37162500004388,0.6028609619142493,31.632206099702547,66.29800000006071,300,2097152,1.0,1.0,0.0,0.7619999867092702,0.0,2097152,249,51,0.020867492659263798,0.250999999949272,0.5208674926592638,0.6039999999193242,31.871610942268976
ready,300,250,0.5,34.29200000688434,63.98800001293421,2.642937500535254,32.24500000646731,0.6004714967034308,31.757707910472906,66.03600001335144,300,2097152,1.0,1.0,0.0,0.5,0.0,2097152,250,50,0.01956377918038732,0.2499999999490683,0.5195637791803873,0.6000000001222361,31.999999993480742
ready,300,251,0.5,34.29200000688434,63.98800001293421,2.642937500535254,32.24500000646731,0.6004714967034308,31.757707910472906,66.03600001335144,300,2097152,1.0,1.0,0.0,0.5,0.0,2097152,251,49,0.002621368294038251,0.24899999994886457,0.5026213682940383,0.6000000001222361,31.999999993480742
ready,300,500,0.5,34.29200000688434,63.98800001293421,2.642937500535254,32.24500000646731,0.6004714967034308,31.757707910472906,66.03600001335144,300,2097152,1.0,1.0,0.0,0.5,0.0,2097152,300,0,0.0,0.0,0.5,0.6000000001222361,31.999999993480742
ready,300,unlimited,0.5,34.29200000688434,63.98800001293421,2.642937500535254,32.24500000646731,0.6004714967034308,31.757707910472906,66.03600001335144,300,2097152,1.0,1.0,0.0,0.5,0.0,2097152,300,0,0.0,0.0,0.5,0.6000000001222361,31.999999993480742
ready,300,unlimited,0.0,33.79200000688434,63.48800001293421,2.627312500535254,31.745000006467308,0.594534271361357,31.999999993480742,65.53600001335144,300,2097152,1.0,1.0,0.0,0.0,0.0,2097152,1,0,0.0,0.0,0.0,0.6000000001222361,31.999999993480742
ready,400,1,0.5,8448.002,15872.002,705.2656875,7936.500999999999,198.77993774414014,0.1279999843750019,16384.002,400,2097152,1.0,1.0,0.0,16318.465999986649,0.0,2097152,1,399,198.27793774413973,199.4979999999996,198.77793774413973,200.0,0.128
ready,400,4,0.5,2112.0080000000016,3968.0080000000016,175.95918750000124,1984.5010000000002,49.69550170898389,0.511999000001953,4096.008000000002,400,2097152,1.0,1.0,0.0,4030.47199998665,0.0,2097152,4,396,49.19200170898318,49.49799999999959,49.69200170898318,50.0,0.512
ready,400,16,0.5,528.0320000000065,992.0320000000065,43.655062500006125,496.5010000000002,12.42453002929642,2.0479360019999246,1024.0320000000065,400,2097152,1.0,1.0,0.0,958.4959999866551,0.0,2097152,16,384,11.915030029294485,11.997999999999593,12.415030029294485,12.5,2.048
ready,400,64,0.5,132.12800000002608,248.12800000002608,10.939312500006736,124.5010000000002,3.1072683105465453,8.187906046975678,256.1280000000261,400,2097152,1.0,1.0,0.0,190.59199998667464,0.0,2097152,64,336,2.5737683105397204,2.9019999999800348,3.0737683105397204,3.4039999999804422,8.192
ready,400,100,0.5,84.82325000002129,159.08800000001793,7.055437500001744,79.72000000001935,1.98964233398413,12.776916703219563,164.1360000000277,400,2097152,1.0,1.0,0.0,98.59999998667627,0.0,2097152,100,300,1.4381755370986449,1.4979999999995925,1.9381755370986449,2.0,12.792504391958856
ready,400,128,0.5,66.25600000005215,124.25600000005215,5.490187500007551,62.501000000000204,1.5551022949217108,16.351297405182972,128.25600000005215,400,2097152,1.0,1.0,0.0,62.719999986700714,0.0,2097152,128,272,0.9896022949083667,1.2739999999539577,1.4896022949083667,1.7759999999543652,16.384
ready,400,200,0.5,42.68887500004166,79.78800000005867,3.536687500004291,40.13562500003718,0.9969665527343787,25.47065682081054,82.33600000006845,400,2097152,1.0,1.0,0.0,16.799999986717012,0.0,2097152,200,200,0.39554858396371717,0.49799999999959255,0.8955485839637172,1.0,25.595000976375875
ready,400,249,0.5,34.42681250004557,64.2420000000493,2.8481874999913543,32.37162500004388,0.8019804077148798,31.632206099702547,66.29800000006071,400,2097152,1.0,1.0,0.0,0.7619999867092702,0.0,2097152,249,151,0.17620776364628776,0.3019999999596621,0.6762077636462878,0.8039999999600695,31.871610942268976
ready,400,250,0.5,34.29200000688434,63.98800001293421,2.836687500574726,32.24500000646731,0.798797607583368,31.757707910472906,66.03600001335144,400,2097152,1.0,1.0,0.0,0.5,0.0,2097152,250,150,0.1723613216359201,0.2979999999588472,0.6723613216359201,0.8000000001629815,31.999999993480742
ready,400,251,0.5,34.29200000688434,63.98800001293421,2.836687500574726,32.24500000646731,0.798797607583368,31.757707910472906,66.03600001335144,400,2097152,1.0,1.0,0.0,0.5,0.0,2097152,251,149,0.06669421067732495,0.2939999999580323,0.566694210677325,0.8000000001629815,31.999999993480742
ready,400,500,0.5,34.29200000688434,63.98800001293421,2.836687500574726,32.24500000646731,0.798797607583368,31.757707910472906,66.03600001335144,400,2097152,1.0,1.0,0.0,0.5,0.0,2097152,400,0,0.0,0.0,0.5,0.8000000001629815,31.999999993480742
ready,400,unlimited,0.5,34.29200000688434,63.98800001293421,2.836687500574726,32.24500000646731,0.798797607583368,31.757707910472906,66.03600001335144,400,2097152,1.0,1.0,0.0,0.5,0.0,2097152,400,0,0.0,0.0,0.5,0.8000000001629815,31.999999993480742
ready,400,unlimited,0.0,33.79200000688434,63.48800001293421,2.821062500574726,31.745000006467308,0.7902709657371713,31.999999993480742,65.53600001335144,400,2097152,1.0,1.0,0.0,0.0,0.0,2097152,1,0,0.0,0.0,0.0,0.8000000001629815,31.999999993480742
ready,500,1,0.5,8448.002,15872.002,753.7031875,7936.500999999999,248.0926895141594,0.1279999843750019,16384.002,500,2097152,1.0,1.0,0.0,16318.465999986649,0.0,2097152,1,499,247.59068951415898,249.4979999999996,248.09068951415898,250.0,0.128
ready,500,4,0.5,2112.0080000000016,3968.0080000000016,188.06856250000124,1984.5010000000002,62.02324676513596,0.511999000001953,4096.008000000002,500,2097152,1.0,1.0,0.0,4030.47199998665,0.0,2097152,4,496,61.519746765135245,61.99799999999959,62.019746765135245,62.5,0.512
ready,500,16,0.5,528.0320000000065,992.0320000000065,47.02243750000139,496.5010000000002,15.506036315917246,2.0479360019999246,1024.0320000000065,500,2097152,1.0,1.0,0.0,958.4959999866551,0.0,2097152,16,484,14.99653631591531,15.473999999994703,15.49653631591531,15.97599999999511,2.048
ready,500,64,0.5,132.12800000002608,248.12800000002608,11.493437500020946,124.5010000000002,3.877391784667399,8.187906046975678,256.1280000000261,500,2097152,1.0,1.0,0.0,190.59199998667464,0.0,2097152,64,436,3.343891784660574,3.473999999994703,3.843891784660574,3.9759999999951106,8.192
ready,500,100,0.5,84.82325000002129,159.08800000001793,7.539812500001744,79.72000000001935,2.482475280761257,12.776916703219563,164.1360000000277,500,2097152,1.0,1.0,0.0,98.59999998667627,0.0,2097152,100,400,1.931008483875772,1.9979999999995925,2.4310084838757717,2.5,12.792504391958856
ready,500,128,0.5,66.25600000005215,124.25600000005215,5.683937500047023,62.501000000000204,1.9401593627926028,16.351297405182972,128.25600000005215,500,2097152,1.0,1.0,0.0,62.719999986700714,0.0,2097152,128,372,1.3746593627792587,1.473999999994703,1.8746593627792587,1.9759999999951106,16.384
ready,500,200,0.5,42.68887500004166,79.78800000005867,3.783562500000471,40.13562500003718,1.2435104370115904,25.47065682081054,82.33600000006845,500,2097152,1.0,1.0,0.0,16.799999986717012,0.0,2097152,200,300,0.6420924682409288,0.7979999999588472,1.1420924682409288,1.2999999999592546,25.595000976375875
ready,500,249,0.5,34.42681250004557,64.2420000000493,3.042500000002292,32.37162500004388,1.0001783447265646,31.632206099702547,66.29800000006071,500,2097152,1.0,1.0,0.0,0.7619999867092702,0.0,2097152,249,251,0.37440570065797263,0.5039999998989515,0.8744057006579726,1.004000000000815,31.871610942268976
ready,500,250,0.5,34.29200000688434,63.98800001293421,3.030437500614198,32.24500000646731,0.9962081911193688,31.757707910472906,66.03600001335144,500,2097152,1.0,1.0,0.0,0.5,0.0,2097152,250,250,0.3697719051719208,0.49799999999959255,0.8697719051719208,1.0000000002037268,31.999999993480742
ready,500,251,0.5,34.29200000688434,63.98800001293421,3.030437500614198,32.24500000646731,0.9962081911193688,31.757707910472906,66.03600001335144,500,2097152,1.0,1.0,0.0,0.5,0.0,2097152,251,249,0.23989824795957904,0.49399999999877764,0.739898247959579,1.0000000002037268,31.999999993480742
ready,500,500,0.5,34.29200000688434,63.98800001293421,3.030437500614198,32.24500000646731,0.9962081911193688,31.757707910472906,66.03600001335144,500,2097152,1.0,1.0,0.0,0.5,0.0,2097152,500,0,0.0,0.0,0.5,1.0000000002037268,31.999999993480742
ready,500,unlimited,0.5,34.29200000688434,63.98800001293421,3.030437500614198,32.24500000646731,0.9962081911193688,31.757707910472906,66.03600001335144,500,2097152,1.0,1.0,0.0,0.5,0.0,2097152,500,0,0.0,0.0,0.5,1.0000000002037268,31.999999993480742
ready,500,unlimited,0.0,33.79200000688434,63.48800001293421,3.014812500614198,31.745000006467308,0.9847869569877369,31.999999993480742,65.53600001335144,500,2097152,1.0,1.0,0.0,0.0,0.0,2097152,1,0,0.0,0.0,0.0,1.0000000002037268,31.999999993480742
none,100,1,0.5,8448.002,15872.002,559.9531875,7945.757666666667,49.9243240356445,0.1279999843750019,16384.002,100,16384,0.0,0.0,0.0,16318.465999986649,0.0,2097152,1,99,49.067954243977056,49.49799999999959,49.567954243977056,58.26066666666884,0.128
none,100,4,0.5,2112.0080000000016,3968.0080000000016,139.63106250000124,1993.7576666666682,12.481553649902317,0.511999000001953,4096.008000000002,100,16384,0.0,0.0,0.0,4030.47199998665,0.0,2097152,4,96,10.54454323323018,11.997999999999593,11.04454323323018,21.756666666668025,0.512
none,100,16,0.5,943.1560000004392,1771.550666667492,60.05835416669447,895.2830000004142,5.576126078290325,1.1468110718756666,1828.6813333341852,100,32768,0.0,0.0,0.0,1763.1453333208337,0.0,2097152,16,84,2.071440185539955,2.973999999994703,2.571440185539955,12.264666666669655,1.1471247199397194
none,100,64,0.5,714.2680000008695,1341.5186666683003,44.18685416670792,680.2670000008184,4.224643656417878,1.5144326452465375,1384.7773333350196,100,32768,0.0,0.0,0.0,1319.2413333216682,0.0,2097152,64,36,0.19935961913829114,0.44199999998818384,0.6993596191382911,10.200666666656616,1.5149796572537335
none,100,100,0.5,685.0960000016494,1286.7106666697655,41.99066666676663,652.863000001551,4.052490091969359,1.5789413452340177,1328.2013333365321,100,32768,0.0,0.0,0.0,1262.6653333231807,0.0,2097152,100,0,0.0,0.0,0.5,9.758666666668432,1.5795359598907892
none,100,128,0.5,685.0960000016494,1286.7106666697655,41.99066666676663,652.863000001551,4.052490091969359,1.5789413452340177,1328.2013333365321,100,32768,0.0,0.0,0.0,1262.6653333231807,0.0,2097152,100,0,0.0,0.0,0.5,9.758666666668432,1.5795359598907892
none,100,200,0.5,685.0960000016494,1286.7106666697655,41.99066666676663,652.863000001551,4.052490091969359,1.5789413452340177,1328.2013333365321,100,32768,0.0,0.0,0.0,1262.6653333231807,0.0,2097152,100,0,0.0,0.0,0.5,9.758666666668432,1.5795359598907892
none,100,249,0.5,685.0960000016494,1286.7106666697655,41.99066666676663,652.863000001551,4.052490091969359,1.5789413452340177,1328.2013333365321,100,32768,0.0,0.0,0.0,1262.6653333231807,0.0,2097152,100,0,0.0,0.0,0.5,9.758666666668432,1.5795359598907892
none,100,250,0.5,685.0960000016494,1286.7106666697655,41.99066666676663,652.863000001551,4.052490091969359,1.5789413452340177,1328.2013333365321,100,32768,0.0,0.0,0.0,1262.6653333231807,0.0,2097152,100,0,0.0,0.0,0.5,9.758666666668432,1.5795359598907892
none,100,251,0.5,685.0960000016494,1286.7106666697655,41.99066666676663,652.863000001551,4.052490091969359,1.5789413452340177,1328.2013333365321,100,32768,0.0,0.0,0.0,1262.6653333231807,0.0,2097152,100,0,0.0,0.0,0.5,9.758666666668432,1.5795359598907892
none,100,500,0.5,685.0960000016494,1286.7106666697655,41.99066666676663,652.863000001551,4.052490091969359,1.5789413452340177,1328.2013333365321,100,32768,0.0,0.0,0.0,1262.6653333231807,0.0,2097152,100,0,0.0,0.0,0.5,9.758666666668432,1.5795359598907892
none,100,unlimited,0.5,685.0960000016494,1286.7106666697655,41.99066666676663,652.863000001551,4.052490091969359,1.5789413452340177,1328.2013333365321,100,32768,0.0,0.0,0.0,1262.6653333231807,0.0,2097152,100,0,0.0,0.0,0.5,9.758666666668432,1.5795359598907892
none,100,unlimited,0.0,631.862000004352,1186.9606666748077,38.48066666696832,602.6390000040519,3.738692728703935,1.7116208208864239,1225.2433333417357,100,32768,0.0,0.0,0.0,1159.7073333283843,0.0,2097152,1,0,0.0,0.0,0.0,9.258666666668432,1.7118974644630989
none,200,1,0.5,8448.002,15872.002,608.3906875,7945.757666666667,99.69575500488268,0.1279999843750019,16384.002,200,16384,0.0,0.0,0.0,16318.465999986649,0.0,2097152,1,199,98.83938521321524,99.49799999999959,99.33938521321524,108.26066666666884,0.128
none,200,4,0.5,2112.0080000000016,3968.0080000000016,149.44579166664448,1993.7576666666682,24.92550028483063,0.511999000001953,4096.008000000002,200,16384,0.0,0.0,0.0,4030.47199998665,0.0,2097152,4,196,22.988489868158492,24.497999999999593,23.488489868158492,31.887999999977183,0.512
none,200,16,0.5,744.6280000003317,1398.5586666672898,46.95879166666782,708.7870000003131,8.801573933923287,1.4526660527930444,1443.6573333339766,200,32768,0.0,0.0,0.0,1378.1213333206251,0.0,2097152,16,184,3.3478872070020262,5.981999999996333,3.8478872070020262,11.162666666648875,1.4531693472084346
none,200,64,0.5,651.9640000016225,1224.462666669715,39.982666666765,621.7390000015257,7.712239949563461,1.65921099962771,1263.94533333648,200,32768,0.0,0.0,0.0,1198.4093333231285,0.0,2097152,64,136,0.5343764648224525,1.3079999999608845,1.0343764648224525,9.758666666668432,1.6598676212305006
none,200,100,0.5,651.9640000016225,1224.462666669715,39.982666666765,621.7390000015257,7.712239949563461,1.65921099962771,1263.94533333648,200,32768,0.0,0.0,0.0,1198.4093333231285,0.0,2097152,100,100,0.22557910154655758,0.49799999999959255,0.7255791015465576,9.758666666668432,1.6598676212305006
none,200,128,0.5,651.9640000016225,1224.462666669715,39.982666666765,621.7390000015257,7.712239949563461,1.65921099962771,1263.94533333648,200,32768,0.0,0.0,0.0,1198.4093333231285,0.0,2097152,128,72,0.09972607421041779,0.37199999997392297,0.5997260742104178,9.758666666668432,1.6598676212305006
none,200,200,0.5,651.9640000016225,1224.462666669715,39.982666666765,621.7390000015257,7.712239949563461,1.65921099962771,1263.94533333648,200,32768,0.0,0.0,0.0,1198.4093333231285,0.0,2097152,200,0,0.0,0.0,0.5,9.758666666668432,1.6598676212305006
none,200,249,0.5,651.9640000016225,1224.462666669715,39.982666666765,621.7390000015257,7.712239949563461,1.65921099962771,1263.94533333648,200,32768,0.0,0.0,0.0,1198.4093333231285,0.0,2097152,200,0,0.0,0.0,0.5,9.758666666668432,1.6598676212305006
none,200,250,0.5,651.9640000016225,1224.462666669715,39.982666666765,621.7390000015257,7.712239949563461,1.65921099962771,1263.94533333648,200,32768,0.0,0.0,0.0,1198.4093333231285,0.0,2097152,200,0,0.0,0.0,0.5,9.758666666668432,1.6598676212305006
none,200,251,0.5,651.9640000016225,1224.462666669715,39.982666666765,621.7390000015257,7.712239949563461,1.65921099962771,1263.94533333648,200,32768,0.0,0.0,0.0,1198.4093333231285,0.0,2097152,200,0,0.0,0.0,0.5,9.758666666668432,1.6598676212305006
none,200,500,0.5,651.9640000016225,1224.462666669715,39.982666666765,621.7390000015257,7.712239949563461,1.65921099962771,1263.94533333648,200,32768,0.0,0.0,0.0,1198.4093333231285,0.0,2097152,200,0,0.0,0.0,0.5,9.758666666668432,1.6598676212305006
none,200,unlimited,0.5,651.9640000016225,1224.462666669715,39.982666666765,621.7390000015257,7.712239949563461,1.65921099962771,1263.94533333648,200,32768,0.0,0.0,0.0,1198.4093333231285,0.0,2097152,200,0,0.0,0.0,0.5,9.758666666668432,1.6598676212305006
none,200,unlimited,0.0,618.8620000017036,1162.360666669796,37.88066666684608,590.2390000015257,7.32144063315735,1.7478548588240896,1199.843333336561,200,32768,0.0,0.0,0.0,1134.3073333232096,0.0,2097152,1,0,0.0,0.0,0.0,9.258666666668432,1.748434832095584
none,300,1,0.5,8448.002,15872.002,656.8281875,7945.757666666667,149.31706142171197,0.1279999843750019,16384.002,300,16384,0.0,0.0,0.0,16318.465999986649,0.0,2097152,1,299,148.46069163004452,149.4979999999996,148.96069163004452,158.26066666666884,0.128
none,300,4,0.5,2112.0080000000016,3968.0080000000016,163.84981250000124,1993.7576666666682,37.34050380452451,0.511999000001953,4096.008000000002,300,16384,0.0,0.0,0.0,4030.47199998665,0.0,2097152,4,296,35.40349338785237,36.99799999999959,35.90349338785237,46.756666666668025,0.512
none,300,16,0.5,538.8020000002143,1010.5353333336461,40.42920833336029,514.0243333334402,9.535418029787385,2.010559867262837,1043.0686666669862,300,32768,0.0,0.0,0.0,977.5326666536348,0.0,2097152,16,284,3.513071777295096,8.711999999941327,4.013071777295096,15.842666666583682,2.014426229507776
none,300,64,0.5,373.82600000042294,701.4873333340438,24.648458333373128,360.01633333364225,6.623088928228646,2.8962800851068313,724.084666667397,300,32768,0.0,0.0,0.0,658.5486666540455,0.0,2097152,64,236,0.5595932616798223,1.743999999947846,1.0595932616798223,10.874666666590201,2.900165211231819
none,300,100,0.5,356.42600000034145,669.1233333338678,22.744583333389528,344.0203333335412,6.318531799320694,3.0363202716491706,690.6886666672144,300,32768,0.0,0.0,0.0,625.152666653863,0.0,2097152,100,200,0.32131152339431956,0.9559999998891726,0.8213115233943196,10.358666666586942,3.038951403485202
none,300,128,0.5,344.9220000012574,647.2953333356345,21.931708333424467,332.98433333445064,6.112322326681187,3.1387505574995056,668.1486666690398,300,32768,0.0,0.0,0.0,602.6126666556884,0.0,2097152,128,172,0.12317138669277483,0.7439999999478459,0.6231713866927748,10.002666666616278,3.1427109974316068
none,300,200,0.5,339.92600000034145,638.1233333338678,21.260208333389528,328.5203333335412,6.026234436039444,3.183828880206819,658.6886666672144,300,32768,0.0,0.0,0.0,593.152666653863,0.0,2097152,200,100,0.0336894530986136,0.29999999995925464,0.5336894530986136,9.858666666586942,3.1867219916991822
none,300,249,0.5,336.6280000029292,631.9253333388187,20.965333333529998,325.4203333360674,5.967790588430041,3.2150574999005515,652.2906666723284,300,32768,0.0,0.0,0.0,586.7546666589769,0.0,2097152,249,51,0.0004870300243290382,0.250999999949272,0.500487030024329,9.760666666566976,3.2180175461290115
none,300,250,0.5,336.62600000303064,631.9233333389202,20.963333333631454,325.4203333360674,5.967774963430833,3.2150673576751876,652.2886666724298,300,32768,0.0,0.0,0.0,586.7526666590784,0.0,2097152,250,50,0.0003814697264847844,0.2499999999490683,0.5003814697264848,9.758666666668432,3.2180175461290115
none,300,251,0.5,336.62600000303064,631.9233333389202,20.963333333631454,325.4203333360674,5.967774963430833,3.2150673576751876,652.2886666724298,300,32768,0.0,0.0,0.0,586.7526666590784,0.0,2097152,251,49,0.00037234497062665906,0.24899999994886457,0.5003723449706267,9.758666666668432,3.2180175461290115
none,300,500,0.5,336.62600000303064,631.9233333389202,20.963333333631454,325.4203333360674,5.967774963430833,3.2150673576751876,652.2886666724298,300,32768,0.0,0.0,0.0,586.7526666590784,0.0,2097152,300,0,0.0,0.0,0.5,9.758666666668432,3.2180175461290115
none,300,unlimited,0.5,336.62600000303064,631.9233333389202,20.963333333631454,325.4203333360674,5.967774963430833,3.2150673576751876,652.2886666724298,300,32768,0.0,0.0,0.0,586.7526666590784,0.0,2097152,300,0,0.0,0.0,0.5,9.758666666668432,3.2180175461290115
none,300,unlimited,0.0,320.12600000303064,600.9233333389202,19.963333333631454,309.4203333360674,5.674806213430833,3.3809290942719925,620.2886666724298,300,49152,0.0,0.0,0.0,554.7526666590784,0.0,2097152,1,0,0.0,0.0,0.0,9.258666666668432,3.3841916827012217
none,400,1,0.5,8448.002,15872.002,705.2656875,7945.757666666667,198.78270625813752,0.1279999843750019,16384.002,400,16384,0.0,0.0,0.0,16318.465999986649,0.0,2097152,1,399,197.92633646647008,199.4979999999996,198.42633646647008,208.26066666666884,0.128
none,400,4,0.5,2112.0080000000016,3968.0080000000016,175.95918750000124,1993.7576666666682,49.706701009114134,0.511999000001953,4096.008000000002,400,16384,0.0,0.0,0.0,4030.47199998665,0.0,2097152,4,396,47.769690592442,49.49799999999959,48.269690592442,59.256666666668025,0.512
none,400,16,0.5,530.2686666667723,994.2686666667723,40.09795833339308,505.75766666666823,12.487481526692967,2.043472696882932,1026.2686666667723,400,32768,0.0,0.0,0.0,960.7326666534209,0.0,2097152,16,384,6.2313148599741135,11.615999999921769,6.7313148599741135,15.775999999954365,2.048
none,400,64,0.5,343.618000000788,643.9033333347397,22.98370833343506,330.7523333339959,8.099102620459366,3.1554499412621704,664.6126666681157,400,32768,0.0,0.0,0.0,599.0766666547643,0.0,2097152,64,336,0.5638769530860372,2.615999999921769,1.0638769530860372,10.130666666642355,3.164563481837418
none,400,100,0.5,340.42600000034145,638.6233333338678,21.953958333429,328.5203333335412,8.036794026698264,3.1814139199373233,659.1886666672144,400,32768,0.0,0.0,0.0,593.652666653863,0.0,2097152,100,300,0.3239482421442723,1.199999999938882,0.8239482421442723,10.058666666627687,3.1867219916991822
none,400,128,0.5,330.7140000016225,620.2113333363304,21.2513333334864,319.2203333348043,7.805206136104421,3.275895716270828,640.1766666697586,400,32768,0.0,0.0,0.0,574.6406666564071,0.0,2097152,128,272,0.12499804684898663,1.115999999921769,0.6249980468489866,9.8306666666831,3.2824896487088693
none,400,200,0.5,330.3260000016453,619.8233333363532,20.863333333509217,319.2203333348043,7.802174886104599,3.2778823840629516,639.7886666697814,400,32768,0.0,0.0,0.0,574.2526666564299,0.0,2097152,200,200,0.034568359348519095,0.29999999995925464,0.5345683593485191,9.8306666666831,3.2824896487088693
none,400,249,0.5,330.22800000162533,619.7253333363333,20.765333333489252,319.2203333348043,7.801409261104443,3.278384552517864,639.6906666697614,400,32768,0.0,0.0,0.0,574.15466665641,0.0,2097152,249,151,0.0012530212351117287,0.250999999949272,0.5012530212351117,9.8306666666831,3.2824896487088693
none,400,250,0.5,330.2260000017268,619.7233333364347,20.763333333590708,319.2203333348043,7.801393636105236,3.2783948024552387,639.6886666698629,400,32768,0.0,0.0,0.0,574.1526666565114,0.0,2097152,250,150,0.0011444091794543532,0.2499999999490683,0.5011444091794544,9.8306666666831,3.2824896487088693
none,400,251,0.5,330.2260000017268,619.7233333364347,20.763333333590708,319.2203333348043,7.801393636105236,3.2783948024552387,639.6886666698629,400,32768,0.0,0.0,0.0,574.1526666565114,0.0,2097152,251,149,0.001132232665783106,0.24899999994886457,0.5011322326657831,9.8306666666831,3.2824896487088693
none,400,500,0.5,330.2260000017268,619.7233333364347,20.763333333590708,319.2203333348043,7.801393636105236,3.2783948024552387,639.6886666698629,400,32768,0.0,0.0,0.0,574.1526666565114,0.0,2097152,400,0,0.0,0.0,0.5,9.8306666666831,3.2824896487088693
none,400,unlimited,0.5,330.2260000017268,619.7233333364347,20.763333333590708,319.2203333348043,7.801393636105236,3.2783948024552387,639.6886666698629,400,32768,0.0,0.0,0.0,574.1526666565114,0.0,2097152,400,0,0.0,0.0,0.5,9.8306666666831,3.2824896487088693
none,400,unlimited,0.0,313.7260000017268,588.7233333364347,19.763333333590708,303.2203333348043,7.410768636105236,3.451030297294179,607.6886666698629,400,49152,0.0,0.0,0.0,542.1526666565114,0.0,2097152,1,0,0.0,0.0,0.0,9.3306666666831,3.455568053975978
none,500,1,0.5,8448.002,15872.002,750.5250416666606,7945.757666666667,248.09583970133386,0.1279999843750019,16384.002,500,16384,0.0,0.0,0.0,16318.465999986649,0.0,2097152,1,499,247.2394699096664,249.4979999999996,247.7394699096664,255.9759999999951,0.128
none,500,4,0.5,2112.0080000000016,3968.0080000000016,180.53104166666185,1993.7576666666682,62.04243564859957,0.511999000001953,4096.008000000002,500,16384,0.0,0.0,0.0,4030.47199998665,0.0,2097152,4,496,60.105425231927434,61.99799999999959,60.605425231927434,63.97599999999511,0.512
none,500,16,0.5,530.2686666667723,994.2686666667723,40.29170833343255,505.75766666666823,15.592438090006572,2.043472696882932,1026.2686666667723,500,32768,0.0,0.0,0.0,960.7326666534209,0.0,2097152,16,484,9.336271423287718,15.003999999898952,9.836271423287718,15.97599999999511,2.048
none,500,64,0.5,325.31400000031863,609.011333333845,22.051333333445655,313.0203333335412,9.56881748454422,3.3363503788955713,628.5766666671916,500,32768,0.0,0.0,0.0,563.0406666538402,0.0,2097152,64,436,0.572007324179566,3.0519999999087304,1.072007324179566,9.930666666703473,3.349597928306294
none,500,100,0.5,324.42600000034145,608.1233333338678,21.163333333468472,313.0203333335412,9.5618799845444,3.34107036078104,627.6886666672144,500,32768,0.0,0.0,0.0,562.152666653863,0.0,2097152,100,400,0.32872119136278855,1.5999999999185093,0.8287211913627885,9.930666666703473,3.349597928306294
none,500,128,0.5,324.31400000031863,608.011333333845,21.051333333445655,313.0203333335412,9.56100498454422,3.3416666224019047,627.5766666671916,500,32768,0.0,0.0,0.0,562.0406666538402,0.0,2097152,128,372,0.1284038085674979,1.115999999921769,0.6284038085674979,9.930666666703473,3.349597928306294
none,500,200,0.5,323.92600000034145,607.6233333338678,20.663333333468472,313.0203333335412,9.5579737345444,3.343733889746363,627.1886666672144,500,32768,0.0,0.0,0.0,561.652666653863,0.0,2097152,200,300,0.036399414035770405,0.5999999999185093,0.5363994140357704,9.930666666703473,3.349597928306294
none,500,249,0.5,323.8280000003215,607.5253333338478,20.565333333448507,313.0203333335412,9.557208109544243,3.3442564392574305,627.0906666671945,500,32768,0.0,0.0,0.0,561.554666653843,0.0,2097152,249,251,0.002034332270110073,0.501999999898544,0.5020343322701101,9.930666666703473,3.349597928306294
none,500,250,0.5,323.82600000042294,607.5233333339493,20.563333333549963,313.0203333335412,9.557192484545036,3.3442671052332242,627.0886666672959,500,32768,0.0,0.0,0.0,561.5526666539445,0.0,2097152,250,250,0.001907348632423922,0.2499999999490683,0.5019073486324239,9.930666666703473,3.349597928306294
none,500,251,0.5,323.82600000042294,607.5233333339493,20.563333333549963,313.0203333335412,9.557192484545036,3.3442671052332242,627.0886666672959,500,32768,0.0,0.0,0.0,561.5526666539445,0.0,2097152,251,249,0.0018921203609395532,0.24899999994886457,0.5018921203609396,9.930666666703473,3.349597928306294
none,500,500,0.5,323.82600000042294,607.5233333339493,20.563333333549963,313.0203333335412,9.557192484545036,3.3442671052332242,627.0886666672959,500,32768,0.0,0.0,0.0,561.5526666539445,0.0,2097152,500,0,0.0,0.0,0.5,9.930666666703473,3.349597928306294
none,500,unlimited,0.5,323.82600000042294,607.5233333339493,20.563333333549963,313.0203333335412,9.557192484545036,3.3442671052332242,627.0886666672959,500,32768,0.0,0.0,0.0,561.5526666539445,0.0,2097152,500,0,0.0,0.0,0.5,9.930666666703473,3.349597928306294
none,500,unlimited,0.0,307.32600000042294,576.5233333339493,19.563333333549963,297.0203333335412,9.068911234545036,3.524100050072845,595.0886666672959,500,49152,0.0,0.0,0.0,529.5526666539445,0.0,2097152,1,0,0.0,0.0,0.0,9.430666666703473,3.5300201091615024
late,100,1,0.5,8448.002,15872.002,559.9531875,7936.727770833333,49.9243240356445,0.1279999843750019,16384.002,100,2064384,0.9969482421875,0.999542236328125,0.0030517578125,16318.465999986649,0.0,2097152,1,99,49.420597961425344,49.49799999999959,49.920597961425344,50.0,0.128
late,100,4,0.5,2112.0080000000016,3968.0080000000016,139.63106250000124,1984.7277708333336,12.481553649902317,0.511999000001953,4096.008000000002,100,1966080,0.9969482421875,0.9981689453125,0.0030517578125,4030.47199998665,0.0,2097152,4,96,11.971072448729705,11.997999999999593,12.471072448729705,12.5,0.512
late,100,16,0.5,532.7826666666733,996.7826666666733,35.061520833334725,500.87660416667336,3.135029073079412,2.038479134562907,1028.7826666666733,100,1540096,0.9969482421875,0.9969482421875,0.0030517578125,963.2466666533219,0.0,2097152,16,84,2.6146318359370166,2.973999999994703,3.1146318359370166,3.4759999999951106,2.048
late,100,64,0.5,155.69300000002295,287.01466666669876,10.164791666656242,148.13600000001134,0.9021766153972066,7.083265969686702,296.07133333336606,100,131072,0.90234375,0.90234375,0.09765625,230.53533332001462,0.0,2097152,64,36,0.2591018066397188,0.44199999998818384,0.7591018066397188,2.4426666666440724,7.2362164151632795
late,100,100,0.5,153.20300000002499,284.5246666667008,9.658791666667753,148.13600000001134,0.8947855021159927,7.1433424468395526,293.5813333333681,100,131072,0.90234375,0.90234375,0.09765625,228.04533332001665,0.0,2097152,100,0,0.0,0.0,0.5,4.490666666653851,7.2362164151632795
late,100,128,0.5,153.20300000002499,284.5246666667008,9.658791666667753,148.13600000001134,0.8947855021159927,7.1433424468395526,293.5813333333681,100,131072,0.90234375,0.90234375,0.09765625,228.04533332001665,0.0,2097152,100,0,0.0,0.0,0.5,4.490666666653851,7.2362164151632795
late,100,200,0.5,153.20300000002499,284.5246666667008,9.658791666667753,148.13600000001134,0.8947855021159927,7.1433424468395526,293.5813333333681,100,131072,0.90234375,0.90234375,0.09765625,228.04533332001665,0.0,2097152,100,0,0.0,0.0,0.5,4.490666666653851,7.2362164151632795
late,100,249,0.5,153.20300000002499,284.5246666667008,9.658791666667753,148.13600000001134,0.8947855021159927,7.1433424468395526,293.5813333333681,100,131072,0.90234375,0.90234375,0.09765625,228.04533332001665,0.0,2097152,100,0,0.0,0.0,0.5,4.490666666653851,7.2362164151632795
late,100,250,0.5,153.20300000002499,284.5246666667008,9.658791666667753,148.13600000001134,0.8947855021159927,7.1433424468395526,293.5813333333681,100,131072,0.90234375,0.90234375,0.09765625,228.04533332001665,0.0,2097152,100,0,0.0,0.0,0.5,4.490666666653851,7.2362164151632795
late,100,251,0.5,153.20300000002499,284.5246666667008,9.658791666667753,148.13600000001134,0.8947855021159927,7.1433424468395526,293.5813333333681,100,131072,0.90234375,0.90234375,0.09765625,228.04533332001665,0.0,2097152,100,0,0.0,0.0,0.5,4.490666666653851,7.2362164151632795
late,100,500,0.5,153.20300000002499,284.5246666667008,9.658791666667753,148.13600000001134,0.8947855021159927,7.1433424468395526,293.5813333333681,100,131072,0.90234375,0.90234375,0.09765625,228.04533332001665,0.0,2097152,100,0,0.0,0.0,0.5,4.490666666653851,7.2362164151632795
late,100,unlimited,0.5,153.20300000002499,284.5246666667008,9.658791666667753,148.13600000001134,0.8947855021159927,7.1433424468395526,293.5813333333681,100,131072,0.90234375,0.90234375,0.09765625,228.04533332001665,0.0,2097152,100,0,0.0,0.0,0.5,4.490666666653851,7.2362164151632795
late,100,unlimited,0.0,150.18300000042836,281.5046666671042,9.271854166719436,148.13600000001134,0.8862696329765052,7.217588025007357,290.5613333337715,100,131072,0.90234375,0.90234375,0.09765625,225.02533332042003,0.0,2097152,1,0,0.0,0.0,0.0,7.20866666629081,7.2362164151632795
late,200,1,0.5,8448.002,15872.002,608.3906875,7936.727770833333,99.69575500488268,0.1279999843750019,16384.002,200,2064384,0.993896484375,0.999542236328125,0.006103515625,16318.465999986649,0.0,2097152,1,199,99.19202893066353,99.49799999999959,99.69202893066353,100.0,0.128
late,200,4,0.5,2112.0080000000016,3968.0080000000016,151.74043750000124,1984.7277708333336,24.92465515136707,0.511999000001953,4096.008000000002,200,1966080,0.993896484375,0.9981689453125,0.006103515625,4030.47199998665,0.0,2097152,4,196,24.41417395019446,24.497999999999593,24.91417395019446,25.0,0.512
late,200,16,0.5,529.7746666666717,993.7746666666717,37.88152083333625,497.9626041666718,6.2411855875650115,2.0444568072780016,1025.7746666666717,200,1540096,0.993896484375,0.993896484375,0.006103515625,960.2386666533203,0.0,2097152,16,184,5.711302734374254,5.981999999996333,6.211302734374254,6.48399999999674,2.048
late,200,64,0.5,154.74900000003436,286.07066666671017,10.689416666670809,148.13600000001134,1.79676778157561,7.105922641299529,295.12733333337746,200,131072,0.8046875,0.8046875,0.1953125,229.59133332002602,0.0,2097152,64,136,0.9257094726505155,1.3859999999767751,1.4257094726505155,3.958666666647332,7.2362164151632795
late,200,100,0.5,152.68500000002132,284.00666666669713,10.125041666667244,148.13600000001134,1.7845876057944028,7.155968561971055,293.0633333333644,200,131072,0.8046875,0.8046875,0.1953125,227.52733332001299,0.0,2097152,100,100,0.4282124023393834,0.49799999999959255,0.9282124023393834,5.506666666657111,7.2362164151632795
late,200,128,0.5,151.74900000003436,283.07066666671017,9.987291666645547,148.13600000001134,1.7799904378256737,7.178896873736623,292.12733333337746,200,131072,0.8046875,0.8046875,0.1953125,226.59133332002602,0.0,2097152,128,72,0.2336547851537656,0.38599999997677514,0.7336547851537656,6.330666666621255,7.2362164151632795
late,200,200,0.5,150.69300000002295,282.01466666669876,9.58035416666769,148.13600000001134,1.774188680013285,7.204941743947409,291.07133333336606,200,131072,0.8046875,0.8046875,0.1953125,225.53533332001462,0.0,2097152,200,0,0.0,0.0,0.5,7.0006666666558885,7.2362164151632795
late,200,249,0.5,150.69300000002295,282.01466666669876,9.58035416666769,148.13600000001134,1.774188680013285,7.204941743947409,291.07133333336606,200,131072,0.8046875,0.8046875,0.1953125,225.53533332001462,0.0,2097152,200,0,0.0,0.0,0.5,7.0006666666558885,7.2362164151632795
late,200,250,0.5,150.69300000002295,282.01466666669876,9.58035416666769,148.13600000001134,1.774188680013285,7.204941743947409,291.07133333336606,200,131072,0.8046875,0.8046875,0.1953125,225.53533332001462,0.0,2097152,200,0,0.0,0.0,0.5,7.0006666666558885,7.2362164151632795
late,200,251,0.5,150.69300000002295,282.01466666669876,9.58035416666769,148.13600000001134,1.774188680013285,7.204941743947409,291.07133333336606,200,131072,0.8046875,0.8046875,0.1953125,225.53533332001462,0.0,2097152,200,0,0.0,0.0,0.5,7.0006666666558885,7.2362164151632795
late,200,500,0.5,150.69300000002295,282.01466666669876,9.58035416666769,148.13600000001134,1.774188680013285,7.204941743947409,291.07133333336606,200,131072,0.8046875,0.8046875,0.1953125,225.53533332001462,0.0,2097152,200,0,0.0,0.0,0.5,7.0006666666558885,7.2362164151632795
late,200,unlimited,0.5,150.69300000002295,282.01466666669876,9.58035416666769,148.13600000001134,1.774188680013285,7.204941743947409,291.07133333336606,200,131072,0.8046875,0.8046875,0.1953125,225.53533332001462,0.0,2097152,200,0,0.0,0.0,0.5,7.0006666666558885,7.2362164151632795
late,200,unlimited,0.0,150.18300000042836,281.5046666671042,9.465604166758908,148.13600000001134,1.7716237386090739,7.217588025007357,290.5613333337715,200,131072,0.8046875,0.8046875,0.1953125,225.02533332042003,0.0,2097152,1,0,0.0,0.0,0.0,7.4086666663315555,7.2362164151632795
late,300,1,0.5,8448.002,15872.002,656.8281875,7936.727770833333,149.31429290771456,0.1279999843750019,16384.002,300,2064384,0.9908447265625,0.999542236328125,0.0091552734375,16318.465999986649,0.0,2097152,1,299,148.81056683349541,149.4979999999996,149.31056683349541,150.0,0.128
late,300,4,0.5,2112.0080000000016,3968.0080000000016,163.84981250000124,1984.7277708333336,37.32930450439426,0.511999000001953,4096.008000000002,300,1966080,0.9908447265625,0.9981689453125,0.0091552734375,4030.47199998665,0.0,2097152,4,296,36.81882330322165,36.99799999999959,37.31882330322165,37.5,0.512
late,300,16,0.5,528.0320000000065,992.0320000000065,40.741062500004546,496.7277708333336,9.333138977050535,2.0479360019999246,1024.0320000000065,300,1540096,0.9908447265625,0.99267578125,0.0091552734375,958.4959999866551,0.0,2097152,16,284,8.794368143714873,8.989999999997963,9.294368143714873,9.49199999999837,2.048
late,300,64,0.5,154.1770000000197,285.4986666666955,11.586041666659298,148.13600000001134,2.684000549316444,7.119721704806308,294.5553333333628,300,131072,0.70703125,0.70703125,0.29296875,229.01933332001136,0.0,2097152,64,236,1.4851525878685878,1.9579999999914435,1.9851525878685878,5.474666666650592,7.2362164151632795
late,300,100,0.5,152.18500000002132,283.50666666669713,10.593791666667244,148.13600000001134,2.6695571899415107,7.168198338820462,292.5633333333644,300,131072,0.70703125,0.70703125,0.29296875,227.02733332001299,0.0,2097152,100,200,0.7784626464600697,0.9979999999995925,1.2784626464600697,6.506666666657111,7.2362164151632795
late,300,128,0.5,151.30500000004577,282.6266666667216,10.167166666685375,148.13600000001134,2.664070861816562,7.189824581451119,291.6833333333889,300,131072,0.70703125,0.70703125,0.29296875,226.14733332003743,0.0,2097152,128,172,0.5023928222403855,0.8299999999653664,1.0023928222403855,6.974666666650592,7.2362164151632795
late,300,200,0.5,150.38500000006206,281.7066666667379,9.762541666707989,148.13600000001134,2.657374572754165,7.212573799995925,290.76333333340517,300,131072,0.70703125,0.70703125,0.29296875,225.22733332005373,0.0,2097152,200,100,0.16098217770517298,0.29999999995925464,0.660982177705173,7.506666666657111,7.2362164151632795
late,300,249,0.5,150.18300000042836,281.5046666671042,9.65935416679838,148.13600000001134,2.6560623168977058,7.217588025007357,290.5613333337715,300,131072,0.70703125,0.70703125,0.29296875,225.02533332042003,0.0,2097152,249,51,0.003472137294775579,0.250999999949272,0.5034721372947756,7.608666666372301,7.2362164151632795
late,300,250,0.5,150.18300000042836,281.5046666671042,9.65935416679838,148.13600000001134,2.6560623168977058,7.217588025007357,290.5613333337715,300,131072,0.70703125,0.70703125,0.29296875,225.02533332042003,0.0,2097152,250,50,0.0003814697264847844,0.2499999999490683,0.5003814697264848,7.608666666372301,7.2362164151632795
late,300,251,0.5,150.18300000042836,281.5046666671042,9.65935416679838,148.13600000001134,2.6560623168977058,7.217588025007357,290.5613333337715,300,131072,0.70703125,0.70703125,0.29296875,225.02533332042003,0.0,2097152,251,49,0.00037234497062665906,0.24899999994886457,0.5003723449706267,7.608666666372301,7.2362164151632795
late,300,500,0.5,150.18300000042836,281.5046666671042,9.65935416679838,148.13600000001134,2.6560623168977058,7.217588025007357,290.5613333337715,300,131072,0.70703125,0.70703125,0.29296875,225.02533332042003,0.0,2097152,300,0,0.0,0.0,0.5,7.608666666372301,7.2362164151632795
late,300,unlimited,0.5,150.18300000042836,281.5046666671042,9.65935416679838,148.13600000001134,2.6560623168977058,7.217588025007357,290.5613333337715,300,131072,0.70703125,0.70703125,0.29296875,225.02533332042003,0.0,2097152,300,0,0.0,0.0,0.5,7.608666666372301,7.2362164151632795
late,300,unlimited,0.0,150.18300000042836,281.5046666671042,9.65935416679838,148.13600000001134,2.6560623168977058,7.217588025007357,290.5613333337715,300,131072,0.70703125,0.70703125,0.29296875,225.02533332042003,0.0,2097152,1,0,0.0,0.0,0.0,7.608666666372301,7.2362164151632795
late,400,1,0.5,8448.002,15872.002,705.2656875,7936.727770833333,198.77993774414014,0.1279999843750019,16384.002,400,2064384,0.98779296875,0.999542236328125,0.01220703125,16318.465999986649,0.0,2097152,1,399,198.27621166992097,199.4979999999996,198.77621166992097,200.0,0.128
late,400,4,0.5,2112.0080000000016,3968.0080000000016,175.95918750000124,1984.7277708333336,49.69550170898389,0.511999000001953,4096.008000000002,400,1966080,0.98779296875,0.9981689453125,0.01220703125,4030.47199998665,0.0,2097152,4,396,49.18502050781128,49.49799999999959,49.68502050781128,50.0,0.512
late,400,16,0.5,528.0320000000065,992.0320000000065,43.655062500006125,496.7277708333336,12.42453002929642,2.0479360019999246,1024.0320000000065,400,1540096,0.98779296875,0.99267578125,0.01220703125,958.4959999866551,0.0,2097152,16,384,11.885759195960759,11.997999999999593,12.385759195960759,12.5,2.048
late,400,64,0.5,153.2330000000311,284.5546666667069,12.110666666673865,148.13600000001134,3.563738688150969,7.142612569450231,293.6113333333742,400,131072,0.609375,0.609375,0.390625,228.07533332002276,0.0,2097152,64,336,1.941108398400086,2.9019999999800348,2.441108398400086,7.830666666683101,7.2362164151632795
late,400,100,0.5,151.68500000002132,283.00666666669713,11.062541666667244,148.13600000001134,3.549643961588557,7.1804699893851,292.0633333333644,400,131072,0.609375,0.609375,0.390625,226.52733332001299,0.0,2097152,100,300,1.048561523397133,1.4979999999995925,1.548561523397133,7.830666666683101,7.2362164151632795
late,400,128,0.5,150.86100000005717,282.182666666733,10.531104166466662,148.13600000001134,3.544340250651344,7.200785608169403,291.2393333334003,400,131072,0.609375,0.609375,0.390625,225.70333332004884,0.0,2097152,128,272,0.6938701171186672,1.2739999999539577,1.1938701171186672,7.830666666683101,7.2362164151632795
late,400,200,0.5,150.18500000002132,281.50666666669713,9.855104166430806,148.13600000001134,3.5395868326858535,7.2175383450530886,290.5633333333644,400,131072,0.609375,0.609375,0.390625,225.02733332001299,0.0,2097152,200,200,0.2043979490626331,0.49799999999959255,0.7043979490626331,7.830666666683101,7.2362164151632795
late,400,249,0.5,150.18300000042836,281.5046666671042,9.853104166837852,148.13600000001134,3.5395853678424016,7.217588025007357,290.5613333337715,400,131072,0.609375,0.609375,0.390625,225.02533332042003,0.0,2097152,249,151,0.004225921474927508,0.250999999949272,0.5042259214749275,7.830666666683101,7.2362164151632795
late,400,250,0.5,150.18300000042836,281.5046666671042,9.853104166837852,148.13600000001134,3.5395853678424016,7.217588025007357,290.5613333337715,400,131072,0.609375,0.609375,0.390625,225.02533332042003,0.0,2097152,250,150,0.0011444091794543532,0.2499999999490683,0.5011444091794544,7.830666666683101,7.2362164151632795
late,400,251,0.5,150.18300000042836,281.5046666671042,9.853104166837852,148.13600000001134,3.5395853678424016,7.217588025007357,290.5613333337715,400,131072,0.609375,0.609375,0.390625,225.02533332042003,0.0,2097152,251,149,0.001132232665783106,0.24899999994886457,0.5011322326657831,7.830666666683101,7.2362164151632795
late,400,500,0.5,150.18300000042836,281.5046666671042,9.853104166837852,148.13600000001134,3.5395853678424016,7.217588025007357,290.5613333337715,400,131072,0.609375,0.609375,0.390625,225.02533332042003,0.0,2097152,400,0,0.0,0.0,0.5,7.830666666683101,7.2362164151632795
late,400,unlimited,0.5,150.18300000042836,281.5046666671042,9.853104166837852,148.13600000001134,3.5395853678424016,7.217588025007357,290.5613333337715,400,131072,0.609375,0.609375,0.390625,225.02533332042003,0.0,2097152,400,0,0.0,0.0,0.5,7.830666666683101,7.2362164151632795
late,400,unlimited,0.0,150.18300000042836,281.5046666671042,9.853104166837852,148.13600000001134,3.5395853678424016,7.217588025007357,290.5613333337715,400,131072,0.609375,0.609375,0.390625,225.02533332042003,0.0,2097152,1,0,0.0,0.0,0.0,7.830666666683101,7.2362164151632795
late,500,1,0.5,8448.002,15872.002,753.7031875,7936.727770833333,248.0926895141594,0.1279999843750019,16384.002,500,2064384,0.9847412109375,0.999542236328125,0.0152587890625,16318.465999986649,0.0,2097152,1,499,247.58896343994022,249.4979999999996,248.08896343994022,250.0,0.128
late,500,4,0.5,2112.0080000000016,3968.0080000000016,188.06856250000124,1984.7277708333336,62.02324676513596,0.511999000001953,4096.008000000002,500,1966080,0.9847412109375,0.9981689453125,0.0152587890625,4030.47199998665,0.0,2097152,4,496,61.51276556396335,61.99799999999959,62.01276556396335,62.5,0.512
late,500,16,0.5,528.0320000000065,992.0320000000065,47.02243750000139,496.7277708333336,15.506036315917246,2.0479360019999246,1024.0320000000065,500,1540096,0.984619140625,0.99267578125,0.015380859375,958.4959999866551,0.0,2097152,16,484,14.967265482581585,15.473999999994703,15.467265482581585,15.97599999999511,2.048
late,500,64,0.5,152.66100000001643,283.98266666669224,12.524854166465389,148.13600000001134,4.436881612142377,7.156554637715799,293.03933333335954,500,131072,0.51171875,0.51171875,0.48828125,227.5033333200081,0.0,2097152,64,436,2.2916218261013954,3.473999999994703,2.7916218261013954,8.008666666453792,7.2362164151632795
late,500,100,0.5,151.18500000002132,282.50666666669713,11.048854166470278,148.13600000001134,4.426607198080507,7.192783729091826,291.5633333333644,500,131072,0.51171875,0.51171875,0.48828125,226.02733332001299,0.0,2097152,100,400,1.2308933104637871,1.9979999999995925,1.7308933104637871,8.008666666453792,7.2362164151632795
late,500,128,0.5,150.66100000001643,281.98266666669224,10.524854166465389,148.13600000001134,4.42328200276973,7.205733932869823,291.03933333335954,500,131072,0.51171875,0.51171875,0.48828125,225.5033333200081,0.0,2097152,128,372,0.8079362791664026,1.473999999994703,1.3079362791664026,8.008666666453792,7.2362164151632795
late,500,200,0.5,150.18300000042836,281.5046666671042,10.046854166877324,148.13600000001134,4.422192891443161,7.217588025007357,290.5613333337715,500,131072,0.51171875,0.51171875,0.48828125,225.02533332042003,0.0,2097152,200,300,0.20559082014744945,0.5999999999185093,0.7055908201474494,8.008666666453792,7.2362164151632795
late,500,249,0.5,150.18300000042836,281.5046666671042,10.046854166877324,148.13600000001134,4.422192891443161,7.217588025007357,290.5613333337715,500,131072,0.51171875,0.51171875,0.48828125,225.02533332042003,0.0,2097152,249,251,0.00499502547929509,0.501999999898544,0.5049950254792951,8.008666666453792,7.2362164151632795
late,500,250,0.5,150.18300000042836,281.5046666671042,10.046854166877324,148.13600000001134,4.422192891443161,7.217588025007357,290.5613333337715,500,131072,0.51171875,0.51171875,0.48828125,225.02533332042003,0.0,2097152,250,250,0.001907348632423922,0.2499999999490683,0.5019073486324239,8.008666666453792,7.2362164151632795
late,500,251,0.5,150.18300000042836,281.5046666671042,10.046854166877324,148.13600000001134,4.422192891443161,7.217588025007357,290.5613333337715,500,131072,0.51171875,0.51171875,0.48828125,225.02533332042003,0.0,2097152,251,249,0.0018921203609395532,0.24899999994886457,0.5018921203609396,8.008666666453792,7.2362164151632795
late,500,500,0.5,150.18300000042836,281.5046666671042,10.046854166877324,148.13600000001134,4.422192891443161,7.217588025007357,290.5613333337715,500,131072,0.51171875,0.51171875,0.48828125,225.02533332042003,0.0,2097152,500,0,0.0,0.0,0.5,8.008666666453792,7.2362164151632795
late,500,unlimited,0.5,150.18300000042836,281.5046666671042,10.046854166877324,148.13600000001134,4.422192891443161,7.217588025007357,290.5613333337715,500,131072,0.51171875,0.51171875,0.48828125,225.02533332042003,0.0,2097152,500,0,0.0,0.0,0.5,8.008666666453792,7.2362164151632795
late,500,unlimited,0.0,150.18300000042836,281.5046666671042,10.046854166877324,148.13600000001134,4.422192891443161,7.217588025007357,290.5613333337715,500,131072,0.51171875,0.51171875,0.48828125,225.02533332042003,0.0,2097152,1,0,0.0,0.0,0.0,8.008666666453792,7.2362164151632795
mixed,100,1,0.5,8448.002,15872.002,559.9531875,7941.129333333333,49.9243240356445,0.1279999843750019,16384.002,100,1064960,0.5,0.5,0.0,16318.465999986649,0.0,2097152,1,99,49.245139139810576,49.49799999999959,49.745139139810576,56.76666666667006,0.128
mixed,100,4,0.5,2112.0080000000016,3968.0080000000016,139.63106250000124,1989.1293333333342,12.481553649902317,0.511999000001953,4096.008000000002,100,1064960,0.5,0.5,0.0,4030.47199998665,0.0,2097152,4,96,11.261298441565891,11.997999999999593,11.761298441565891,21.264666666669655,0.512
mixed,100,16,0.5,742.1106666668929,1394.5906666670926,47.49302083334783,702.1746666668805,4.349042744955692,1.470044665930363,1426.5906666670926,100,1081344,0.5,0.5,0.0,1361.0546666537412,0.0,2097152,16,84,2.3451745605431986,2.973999999994703,2.8451745605431986,12.264666666669655,1.4705600765912314
mixed,100,64,0.5,432.1986666671146,812.6386666675098,26.557520833348235,411.1986666670891,2.5030290730819713,2.55551204833696,820.6386666675098,100,1081344,0.5,0.5,0.0,755.1026666541584,0.0,2097152,64,36,0.23918774413924293,0.44199999998818384,0.7391877441392429,10.200666666656616,2.5570700239282838
mixed,100,100,0.5,393.71466666762717,740.3706666684739,23.77933333339024,375.06466666757115,2.2742607625380415,2.813312608765769,745.4386666684877,100,1081344,0.5,0.5,0.0,679.9026666551363,0.0,2097152,100,0,0.0,0.0,0.5,9.758666666668432,2.815200893489495
mixed,100,128,0.5,393.71466666762717,740.3706666684739,23.77933333339024,375.06466666757115,2.2742607625380415,2.813312608765769,745.4386666684877,100,1081344,0.5,0.5,0.0,679.9026666551363,0.0,2097152,100,0,0.0,0.0,0.5,9.758666666668432,2.815200893489495
mixed,100,200,0.5,393.71466666762717,740.3706666684739,23.77933333339024,375.06466666757115,2.2742607625380415,2.813312608765769,745.4386666684877,100,1081344,0.5,0.5,0.0,679.9026666551363,0.0,2097152,100,0,0.0,0.0,0.5,9.758666666668432,2.815200893489495
mixed,100,249,0.5,393.71466666762717,740.3706666684739,23.77933333339024,375.06466666757115,2.2742607625380415,2.813312608765769,745.4386666684877,100,1081344,0.5,0.5,0.0,679.9026666551363,0.0,2097152,100,0,0.0,0.0,0.5,9.758666666668432,2.815200893489495
mixed,100,250,0.5,393.71466666762717,740.3706666684739,23.77933333339024,375.06466666757115,2.2742607625380415,2.813312608765769,745.4386666684877,100,1081344,0.5,0.5,0.0,679.9026666551363,0.0,2097152,100,0,0.0,0.0,0.5,9.758666666668432,2.815200893489495
mixed,100,251,0.5,393.71466666762717,740.3706666684739,23.77933333339024,375.06466666757115,2.2742607625380415,2.813312608765769,745.4386666684877,100,1081344,0.5,0.5,0.0,679.9026666551363,0.0,2097152,100,0,0.0,0.0,0.5,9.758666666668432,2.815200893489495
mixed,100,500,0.5,393.71466666762717,740.3706666684739,23.77933333339024,375.06466666757115,2.2742607625380415,2.813312608765769,745.4386666684877,100,1081344,0.5,0.5,0.0,679.9026666551363,0.0,2097152,100,0,0.0,0.0,0.5,9.758666666668432,2.815200893489495
mixed,100,unlimited,0.5,393.71466666762717,740.3706666684739,23.77933333339024,375.06466666757115,2.2742607625380415,2.813312608765769,745.4386666684877,100,1081344,0.5,0.5,0.0,679.9026666551363,0.0,2097152,100,0,0.0,0.0,0.5,9.758666666668432,2.815200893489495
mixed,100,unlimited,0.0,341.98466667226603,643.4406666771465,20.363333333712944,326.34966667190747,1.969421895378215,3.248936981023053,645.4886666775637,100,1081344,0.5,0.5,0.0,579.9526666642123,0.0,2097152,1,0,0.0,0.0,0.0,9.258666666668432,3.249933879871267
mixed,200,1,0.5,8448.002,15872.002,608.3906875,7941.129333333333,99.69575500488268,0.1279999843750019,16384.002,200,1064960,0.5,0.5,0.0,16318.465999986649,0.0,2097152,1,199,99.01657010904876,99.49799999999959,99.51657010904876,106.76666666667006,0.128
mixed,200,4,0.5,2112.0080000000016,3968.0080000000016,150.5561041666558,1989.1293333333342,24.92465515136707,0.511999000001953,4096.008000000002,200,1064960,0.5,0.5,0.0,4030.47199998665,0.0,2097152,4,196,23.704399943030644,24.497999999999593,24.204399943030644,31.887999999977183,0.512
mixed,200,16,0.5,639.8386666668375,1202.0786666669883,42.33602083333494,605.9186666668284,7.512572306316944,1.6993665449739996,1234.0786666669883,200,1081344,0.5,0.5,0.0,1168.5426666536368,0.0,2097152,16,184,4.534020996078771,5.981999999996333,5.034020996078771,14.804666666677804,1.7000553403426668
mixed,200,64,0.5,400.1026666675025,752.22266666824,24.716645833383836,380.9906666674542,4.635484415699526,2.7586023042314705,760.22266666824,200,1081344,0.5,0.5,0.0,694.6866666548885,0.0,2097152,64,136,0.7945063476452727,1.3859999999767751,1.2945063476452727,10.400666666697362,2.7604178366785472
mixed,200,100,0.5,376.4866666675807,707.9426666683867,22.998770833387198,358.85066666752755,4.348646036794214,2.9413456557564737,712.9906666683964,200,1081344,0.5,0.5,0.0,647.454666655045,0.0,2097152,100,100,0.36024365233548394,0.49799999999959255,0.8602436523354839,9.95666666670877,2.943409785009921
mixed,200,128,0.5,368.1026666675025,692.22266666824,22.422270833371613,350.9906666674542,4.24639261882459,3.012185756657249,696.22266666824,200,1081344,0.5,0.5,0.0,630.6866666548885,0.0,2097152,128,72,0.18876416015178243,0.38599999997677514,0.6887641601517824,9.900666666697362,3.014350545804541
mixed,200,200,0.5,356.566666667597,670.5926666684172,21.520333333388407,340.1756666675428,4.106390177419536,3.115427353551126,673.150666668429,200,1081344,0.5,0.5,0.0,607.6146666550776,0.0,2097152,200,0,0.0,0.0,0.5,9.758666666668432,3.117743137588761
mixed,200,249,0.5,356.566666667597,670.5926666684172,21.520333333388407,340.1756666675428,4.106390177419536,3.115427353551126,673.150666668429,200,1081344,0.5,0.5,0.0,607.6146666550776,0.0,2097152,200,0,0.0,0.0,0.5,9.758666666668432,3.117743137588761
mixed,200,250,0.5,356.566666667597,670.5926666684172,21.520333333388407,340.1756666675428,4.106390177419536,3.115427353551126,673.150666668429,200,1081344,0.5,0.5,0.0,607.6146666550776,0.0,2097152,200,0,0.0,0.0,0.5,9.758666666668432,3.117743137588761
mixed,200,251,0.5,356.566666667597,670.5926666684172,21.520333333388407,340.1756666675428,4.106390177419536,3.115427353551126,673.150666668429,200,1081344,0.5,0.5,0.0,607.6146666550776,0.0,2097152,200,0,0.0,0.0,0.5,9.758666666668432,3.117743137588761
mixed,200,500,0.5,356.566666667597,670.5926666684172,21.520333333388407,340.1756666675428,4.106390177419536,3.115427353551126,673.150666668429,200,1081344,0.5,0.5,0.0,607.6146666550776,0.0,2097152,200,0,0.0,0.0,0.5,9.758666666668432,3.117743137588761
mixed,200,unlimited,0.5,356.566666667597,670.5926666684172,21.520333333388407,340.1756666675428,4.106390177419536,3.115427353551126,673.150666668429,200,1081344,0.5,0.5,0.0,607.6146666550776,0.0,2097152,200,0,0.0,0.0,0.5,9.758666666668432,3.117743137588761
mixed,200,unlimited,0.0,335.38466667092143,630.8406666745796,20.1633333336722,320.049666670624,3.861023966521826,3.313619140974343,632.8886666749968,200,1081344,0.5,0.5,0.0,567.3526666616453,0.0,2097152,1,0,0.0,0.0,0.0,9.258666666668432,3.3157042633134752
mixed,300,1,0.5,8448.002,15872.002,656.8281875,7941.129333333333,149.31429290771456,0.1279999843750019,16384.002,300,1064960,0.5,0.5,0.0,16318.465999986649,0.0,2097152,1,299,148.63510801188065,149.4979999999996,149.13510801188065,156.76666666667006,0.128
mixed,300,4,0.5,2112.0080000000016,3968.0080000000016,163.84981250000124,1989.1293333333342,37.32930450439426,0.511999000001953,4096.008000000002,300,1064960,0.5,0.5,0.0,4030.47199998665,0.0,2097152,4,296,36.10904929605783,36.99799999999959,36.60904929605783,46.264666666669655,0.512
mixed,300,16,0.5,533.7843333334422,1002.5353333335443,40.77372916667787,506.14700000010635,9.412349426270264,2.030091316833706,1033.033333333442,300,1081344,0.5,0.5,0.0,967.4973333200905,15.839999999967404,2097152,16,284,6.127561767549911,8.989999999997963,6.627561767549911,18.280666666672914,2.0310743801650757
mixed,300,64,0.5,256.81233333354976,482.52733333374636,17.50947916668133,246.1430000002074,4.4738748168972045,4.279401321747337,490.0573333336506,300,1081344,0.5,0.5,0.0,424.52133332029916,0.0,2097152,64,236,1.1773752441147751,1.9579999999914435,1.6773752441147751,11.716666666659876,4.28377200627228
mixed,300,100,0.5,224.23833333358562,421.3633333338148,14.62347916669819,215.56100000024162,3.894404602053939,4.919273773589494,426.31333333370276,300,1081344,0.5,0.5,0.0,360.7773333203513,0.0,2097152,100,200,0.6502985839570377,0.9979999999995925,1.1502985839570377,10.756666666668025,4.925050100196128
mixed,300,128,0.5,209.92433333398003,394.49533333455474,13.494354166719631,202.1270000006116,3.6388328247172232,5.267196892304306,398.15333333448507,300,1081344,0.5,0.5,0.0,332.61733332113363,0.0,2097152,128,172,0.3788967284930793,0.8299999999653664,0.8788967284930793,10.344666666685953,5.273819742473996
mixed,300,200,0.5,195.73833333358562,367.8633333338148,12.29535416667909,188.81100000024162,3.385212707522893,5.663182530103987,370.31333333370276,300,1081344,0.5,0.5,0.0,304.7773333203513,0.0,2097152,200,100,0.12986401364759903,0.29999999995925464,0.629864013647599,10.05666666662728,5.6708393423652605
mixed,300,249,0.5,190.14933333514637,357.2853333363455,11.809479166841129,183.52200000150697,3.285688781768842,5.836230055602928,359.33333333676273,300,1081344,0.5,0.5,0.0,293.7973333234113,0.0,2097152,249,51,0.0029950865377254,0.250999999949272,0.5029950865377254,9.766666666262608,5.845861084632317
mixed,300,250,0.5,190.0873333382915,357.1633333425343,11.804666667085257,183.46100000460137,3.2845718384661273,5.83821223145478,359.21133334295155,300,1081344,0.5,0.5,0.0,293.6753333296001,0.0,2097152,250,50,0.0003814697264847844,0.2499999999490683,0.5003814697264848,9.758666666668432,5.847947650053351
mixed,300,251,0.5,190.0873333382915,357.1633333425343,11.804666667085257,183.46100000460137,3.2845718384661273,5.83821223145478,359.21133334295155,300,1081344,0.5,0.5,0.0,293.6753333296001,0.0,2097152,251,49,0.00037234497062665906,0.24899999994886457,0.5003723449706267,9.758666666668432,5.847947650053351
mixed,300,500,0.5,190.0873333382915,357.1633333425343,11.804666667085257,183.46100000460137,3.2845718384661273,5.83821223145478,359.21133334295155,300,1081344,0.5,0.5,0.0,293.6753333296001,0.0,2097152,300,0,0.0,0.0,0.5,9.758666666668432,5.847947650053351
mixed,300,unlimited,0.5,190.0873333382915,357.1633333425343,11.804666667085257,183.46100000460137,3.2845718384661273,5.83821223145478,359.21133334295155,300,1081344,0.5,0.5,0.0,293.6753333296001,0.0,2097152,300,0,0.0,0.0,0.5,9.758666666668432,5.847947650053351
mixed,300,unlimited,0.0,181.5873333382915,341.1633333425343,11.304666667085257,175.21100000460137,3.1380874634661273,6.110380970154139,343.21133334295155,300,1097728,0.5,0.5,0.0,277.6753333296001,0.0,2097152,1,0,0.0,0.0,0.0,9.258666666668432,6.121046077040801
mixed,400,1,0.5,8448.002,15872.002,705.2656875,7941.129333333333,198.77993774414014,0.1279999843750019,16384.002,400,1064960,0.5,0.5,0.0,16318.465999986649,0.0,2097152,1,399,198.1007528483062,199.4979999999996,198.6007528483062,206.76666666667006,0.128
mixed,400,4,0.5,2112.0080000000016,3968.0080000000016,175.95918750000124,1989.1293333333342,49.69550170898389,0.511999000001953,4096.008000000002,400,1064960,0.5,0.5,0.0,4030.47199998665,0.0,2097152,4,396,48.475246500647465,49.49799999999959,48.975246500647465,58.764666666669655,0.512
mixed,400,16,0.5,529.1503333333894,994.2686666667723,41.7830625000322,502.0136666667204,12.42453002929642,2.0479360019999246,1024.0320000000065,400,1081344,0.5,0.5,0.0,958.4959999866551,20.106666666688398,2097152,16,384,9.008363362599084,11.997999999999593,9.508363362599084,21.756666666668025,2.048
mixed,400,64,0.5,241.236333333738,453.2633333341,16.933604166719988,231.51100000038423,5.5930111490962995,4.560519822427827,459.8493333340157,400,1081344,0.5,0.5,0.0,394.31333332066424,14.431999999680556,2097152,64,336,1.4987177734038646,2.9019999999800348,1.9987177734038646,12.288666666674544,4.5654839308867725
mixed,400,100,0.5,215.98833333358562,405.8633333338148,14.457854166718562,207.81100000024162,4.993564860030127,5.1110988350320365,410.31333333370276,400,1081344,0.5,0.5,0.0,344.7773333203513,1.376000000280328,2097152,100,300,0.8587763671520392,1.4979999999995925,1.3587763671520392,11.256666666668025,5.117334721494606
mixed,400,128,0.5,202.59833333416827,380.7313333349084,13.358479166746065,195.24500000078842,4.675952555356333,5.462110925492123,383.94533333485015,400,1081344,0.5,0.5,0.0,318.4093333214987,4.383999999263324,2097152,128,272,0.5212080077679779,1.2739999999539577,1.021208007767978,10.788666666674544,5.46923333702076
mixed,400,200,0.5,190.7883333342579,358.5633333350779,12.143166666606703,184.16100000087317,4.3951234537964305,5.81390208288282,360.7133333350066,400,1081344,0.5,0.5,0.0,295.17733332165517,0.0,2097152,200,200,0.18667773428692058,0.49799999999959255,0.6866777342869206,10.15866666634247,5.821972164616129
mixed,400,249,0.5,186.94933333449444,351.0853333350824,11.809479166841129,180.4220000008754,4.303403727238497,5.938697375836705,353.13333333549963,400,1081344,0.5,0.5,0.0,287.5973333221482,0.0,2097152,249,151,0.0037427672025619474,0.250999999949272,0.503742767202562,9.8306666666831,5.9520465003345775
mixed,400,250,0.5,186.88733333763957,350.9633333412712,11.804666667085257,180.36100000396982,4.301914469501544,5.94074977748693,353.01133334168844,400,1081344,0.5,0.5,0.0,287.475333328337,0.0,2097152,250,150,0.0011444091794543532,0.2499999999490683,0.5011444091794544,9.8306666666831,5.954209569819106
mixed,400,251,0.5,186.88733333763957,350.9633333412712,11.804666667085257,180.36100000396982,4.301914469501544,5.94074977748693,353.01133334168844,400,1081344,0.5,0.5,0.0,287.475333328337,0.0,2097152,251,149,0.001132232665783106,0.24899999994886457,0.5011322326657831,9.8306666666831,5.954209569819106
mixed,400,500,0.5,186.88733333763957,350.9633333412712,11.804666667085257,180.36100000396982,4.301914469501544,5.94074977748693,353.01133334168844,400,1081344,0.5,0.5,0.0,287.475333328337,0.0,2097152,400,0,0.0,0.0,0.5,9.8306666666831,5.954209569819106
mixed,400,unlimited,0.5,186.88733333763957,350.9633333412712,11.804666667085257,180.36100000396982,4.301914469501544,5.94074977748693,353.01133334168844,400,1081344,0.5,0.5,0.0,287.475333328337,0.0,2097152,400,0,0.0,0.0,0.5,9.8306666666831,5.954209569819106
mixed,400,unlimited,0.0,178.38733333763957,334.9633333412712,11.304666667085257,172.11100000396982,4.106601969501544,6.222793694221979,337.01133334168844,400,1097728,0.5,0.5,0.0,271.475333328337,0.0,2097152,1,0,0.0,0.0,0.0,9.3306666666831,6.237563451624658
mixed,500,1,0.5,8448.002,15872.002,752.0628541666636,7941.129333333333,248.0926895141594,0.1279999843750019,16384.002,500,1064960,0.5,0.5,0.0,16318.465999986649,0.0,2097152,1,499,247.41350461832545,249.4979999999996,247.91350461832545,255.9759999999951,0.128
mixed,500,4,0.5,2112.0080000000016,3968.0080000000016,184.17822916666478,1989.1293333333342,62.02324676513596,0.511999000001953,4096.008000000002,500,1064960,0.5,0.5,0.0,4030.47199998665,0.0,2097152,4,496,60.80299155679953,61.99799999999959,61.30299155679953,70.77266666667128,0.512
mixed,500,16,0.5,529.1503333333894,994.2686666667723,43.51243750005028,502.0136666667204,15.506036315917246,2.0479360019999246,1024.0320000000065,500,1081344,0.5,0.5,0.0,958.4959999866551,20.106666666688398,2097152,16,484,12.08986964921991,15.473999999994703,12.58986964921991,24.764666666669655,2.048
mixed,500,64,0.5,231.79833333349598,435.5313333336453,16.904104166720344,222.64500000015687,6.702049336753905,4.749573467727712,441.5453333335463,500,1081344,0.5,0.5,0.0,376.00933332019486,23.58399999991525,2097152,64,436,1.7655686034649802,3.473999999994703,2.2655686034649802,13.232666666663135,4.754957918155777
mixed,500,100,0.5,207.73833333358562,390.3633333338148,14.292229166738935,200.06100000024162,5.993237813318753,5.31849121679384,394.31333333370276,500,1081344,0.5,0.5,0.0,328.7773333203513,9.376000000280328,2097152,100,400,1.0215754393955718,1.9979999999995925,1.5215754393955718,11.756666666668025,5.325243770309197
mixed,500,128,0.5,199.29833333349598,374.5313333336453,13.461916666576144,192.14500000015687,5.740678731286335,5.554702481641455,377.5453333335463,500,1081344,0.5,0.5,0.0,312.00933332019486,7.58399999991525,2097152,128,372,0.6229226073460739,1.473999999994703,1.1229226073460739,11.232666666663135,5.562068575305221
mixed,500,200,0.5,187.53733333385026,352.3633333338148,12.092166666850972,181.06100000024162,5.396466573090813,5.917282554907054,354.41133333423204,500,1081344,0.5,0.5,0.0,288.8753333208806,1.376000000280328,2097152,200,300,0.19382128890748618,0.5999999999185093,0.6938212889074862,10.258666666260979,5.92728369007521
mixed,500,249,0.5,183.74933333384251,344.8853333338193,11.809479166841129,177.32200000024386,5.282361348481507,6.044827056094948,346.9333333342365,500,1081344,0.5,0.5,0.0,281.3973333208851,0.0,2097152,249,251,0.004505767691614149,0.501999999898544,0.5045057676916141,9.930666666703473,6.06216082880412
mixed,500,250,0.5,183.68733333698765,344.7633333400081,11.804666667085257,177.26100000333827,5.280499776310315,6.046953482749839,346.81133334042534,500,1081344,0.5,0.5,0.0,281.2753333270739,0.0,2097152,250,250,0.001907348632423922,0.2499999999490683,0.5019073486324239,9.930666666703473,6.064404688343107
mixed,500,251,0.5,183.68733333698765,344.7633333400081,11.804666667085257,177.26100000333827,5.280499776310315,6.046953482749839,346.81133334042534,500,1081344,0.5,0.5,0.0,281.2753333270739,0.0,2097152,251,249,0.0018921203609395532,0.24899999994886457,0.5018921203609396,9.930666666703473,6.064404688343107
mixed,500,500,0.5,183.68733333698765,344.7633333400081,11.804666667085257,177.26100000333827,5.280499776310315,6.046953482749839,346.81133334042534,500,1081344,0.5,0.5,0.0,281.2753333270739,0.0,2097152,500,0,0.0,0.0,0.5,9.930666666703473,6.064404688343107
mixed,500,unlimited,0.5,183.68733333698765,344.7633333400081,11.804666667085257,177.26100000333827,5.280499776310315,6.046953482749839,346.81133334042534,500,1081344,0.5,0.5,0.0,281.2753333270739,0.0,2097152,500,0,0.0,0.0,0.5,9.930666666703473,6.064404688343107
mixed,500,unlimited,0.0,175.18733333698765,328.7633333400081,11.304666667085257,169.01100000333827,5.036359151310315,6.339420051978391,330.81133334042534,500,1097728,0.5,0.5,0.0,265.2753333270739,0.0,2097152,1,0,0.0,0.0,0.0,9.430666666703473,6.358602845921524
