mapping,channels,scenario,outstanding,lookup_us,mean_request_latency_us,p95_request_latency_us,mean_request_service_us,mean_first_data_latency_us,mean_burst_latency_us,throughput_gbps,completion_span_us,peak_outstanding,buffer_peak_bytes,ready_hit_at_ar,ready_hit_at_lookup,late_hit_at_ar,r_idle_us,hol_idle_us,nand_bytes,tail_throughput_gbps,p99_burst_latency_us,first_burst_latency_us
striped,4,ready,100,0.0,33.79200000688434,63.48800001293421,2.23981250045631,31.745000006467308,0.19939877323398225,31.999999993480742,65.53600001335144,100,2097152,1.0,1.0,0.0,0.0,0.0,2097152,31.999999993480742,0.20000000004074536,0.0020000000004074536
striped,4,ready,100,0.5,85.16012500008992,159.7220000001471,5.62462500000629,80.03650000008383,0.502151062012157,12.726209114618314,164.79000000016094,100,2097152,1.0,1.0,0.0,99.2539999868095,0.0,2097152,12.741518421299112,0.5020000000004075,0.5020000000004075
striped,4,ready,200,0.0,33.79200000688434,63.48800001293421,2.433562500495782,31.745000006467308,0.39757687386029394,31.999999993480742,65.53600001335144,200,2097152,1.0,1.0,0.0,0.0,0.0,2097152,31.999999993480742,0.4000000000814907,0.0020000000004074536
striped,4,ready,200,0.5,42.856812500075876,80.10400000012305,3.0643750000067485,40.29343750006933,0.5026072998052187,25.37020638257698,82.66200000013487,200,2097152,1.0,1.0,0.0,17.125999986783427,0.0,2097152,25.49294952833109,0.5020000000004075,0.5020000000004075
striped,4,ready,250,0.0,33.79200000688434,63.48800001293421,2.530437500515518,31.745000006467308,0.49620816050148153,31.999999993480742,65.53600001335144,250,2097152,1.0,1.0,0.0,0.0,0.0,2097152,31.999999993480742,0.5000000001018634,0.0020000000004074536
striped,4,ready,250,0.5,34.426187500077276,64.24000000015076,2.556187500001897,32.37100000007558,0.5029498596197416,31.632206099702547,66.29800000006071,250,2097152,1.0,1.0,0.0,0.7619999867092702,0.0,2097152,31.871610942268976,0.5020000000004075,0.5020000000004075
striped,4,ready,251,0.0,33.79200000688434,63.48800001293421,2.5323750005159127,31.745000006467308,0.4981776734413359,31.999999993480742,65.53600001335144,251,2097152,1.0,1.0,0.0,0.0,0.0,2097152,31.999999993480742,0.5020000001022709,0.0020000000004074536
striped,4,ready,251,0.5,34.29200000688434,63.98800001293421,2.5480000005159127,32.24500000646731,0.5029574891153575,31.757707910472906,66.03600001335144,251,2097152,1.0,1.0,0.0,0.5,0.0,2097152,31.999999993480742,0.5020000001022709,0.5020000000004075
striped,4,ready,300,0.0,33.79200000688434,63.48800001293421,2.627312500535254,31.745000006467308,0.594534271361357,31.999999993480742,65.53600001335144,300,2097152,1.0,1.0,0.0,0.0,0.0,2097152,31.999999993480742,0.6000000001222361,0.0020000000004074536
striped,4,ready,300,0.5,34.29200000688434,63.98800001293421,2.642937500535254,32.24500000646731,0.6004714967034308,31.757707910472906,66.03600001335144,300,2097152,1.0,1.0,0.0,0.5,0.0,2097152,31.999999993480742,0.6000000001222361,0.5020000000004075
striped,4,ready,400,0.0,33.79200000688434,63.48800001293421,2.821062500574726,31.745000006467308,0.7902709657371713,31.999999993480742,65.53600001335144,400,2097152,1.0,1.0,0.0,0.0,0.0,2097152,31.999999993480742,0.8000000001629815,0.0020000000004074536
striped,4,ready,400,0.5,34.29200000688434,63.98800001293421,2.836687500574726,32.24500000646731,0.798797607583368,31.757707910472906,66.03600001335144,400,2097152,1.0,1.0,0.0,0.5,0.0,2097152,31.999999993480742,0.8000000001629815,0.5020000000004075
striped,4,ready,500,0.0,33.79200000688434,63.48800001293421,3.014812500614198,31.745000006467308,0.9847869569877369,31.999999993480742,65.53600001335144,500,2097152,1.0,1.0,0.0,0.0,0.0,2097152,31.999999993480742,1.0000000002037268,0.0020000000004074536
striped,4,ready,500,0.5,34.29200000688434,63.98800001293421,3.030437500614198,32.24500000646731,0.9962081911193688,31.757707910472906,66.03600001335144,500,2097152,1.0,1.0,0.0,0.5,0.0,2097152,31.999999993480742,1.0000000002037268,0.5020000000004075
striped,4,none,100,0.0,631.862000004352,1186.9606666748077,38.48066666696832,602.6390000040519,3.738692728703935,1.7116208208864239,1225.2433333417357,100,32768,0.0,0.0,0.0,1159.7073333283843,0.0,2097152,1.7118974644630989,9.258666666668432,9.258666666668432
striped,4,none,100,0.5,685.0960000016494,1286.7106666697655,41.99066666676663,652.863000001551,4.052490091969359,1.5789413452340177,1328.2013333365321,100,32768,0.0,0.0,0.0,1262.6653333231807,0.0,2097152,1.5795359598907892,9.758666666668432,9.758666666668432
striped,4,none,200,0.0,618.8620000017036,1162.360666669796,37.88066666684608,590.2390000015257,7.32144063315735,1.7478548588240896,1199.843333336561,200,32768,0.0,0.0,0.0,1134.3073333232096,0.0,2097152,1.748434832095584,9.258666666668432,9.258666666668432
striped,4,none,200,0.5,651.9640000016225,1224.462666669715,39.982666666765,621.7390000015257,7.712239949563461,1.65921099962771,1263.94533333648,200,32768,0.0,0.0,0.0,1198.4093333231285,0.0,2097152,1.6598676212305006,9.758666666668432,9.758666666668432
striped,4,none,250,0.0,612.3620000003793,1150.0606666672902,37.580666666784964,584.0390000002626,9.054335276290113,1.766553322681228,1187.1433333339737,250,32768,0.0,0.0,0.0,1121.6073333206223,0.0,2097152,1.7672946929374973,9.258666666668432,9.258666666668432
striped,4,none,250,0.5,645.3640000002779,1212.0626666671888,39.58266666668351,615.5390000002626,9.542616892501032,1.676185766853968,1251.1453333338723,250,32768,0.0,0.0,0.0,1185.6093333205208,0.0,2097152,1.676855895195784,9.758666666668432,9.758666666668432
striped,4,none,251,0.0,612.2320000003529,1149.81466666724,37.57466666678374,583.9150000002373,9.08859550985093,1.7669313735503789,1186.889333333922,251,32768,0.0,0.0,0.0,1121.3533333205705,0.0,2097152,1.7676760411414743,9.258666666668432,9.258666666668432
striped,4,none,251,0.5,645.2320000003529,1211.81466666724,39.57466666678374,615.4150000002373,9.57882988485093,1.6765288056382923,1250.889333333922,251,32768,0.0,0.0,0.0,1185.3533333205705,0.0,2097152,1.6771992083525853,9.758666666668432,9.758666666668432
striped,4,none,300,0.0,320.12600000303064,600.9233333389202,19.963333333631454,309.4203333360674,5.674806213430833,3.3809290942719925,620.2886666724298,300,49152,0.0,0.0,0.0,554.7526666590784,0.0,2097152,3.3841916827012217,9.258666666668432,9.258666666668432
striped,4,none,300,0.5,336.62600000303064,631.9233333389202,20.963333333631454,325.4203333360674,5.967774963430833,3.2150673576751876,652.2886666724298,300,32768,0.0,0.0,0.0,586.7526666590784,0.0,2097152,3.2180175461290115,9.758666666668432,9.758666666668432
striped,4,none,400,0.0,313.7260000017268,588.7233333364347,19.763333333590708,303.2203333348043,7.410768636105236,3.451030297294179,607.6886666698629,400,49152,0.0,0.0,0.0,542.1526666565114,0.0,2097152,3.455568053975978,9.3306666666831,9.258666666668432
striped,4,none,400,0.5,330.2260000017268,619.7233333364347,20.763333333590708,319.2203333348043,7.801393636105236,3.2783948024552387,639.6886666698629,400,32768,0.0,0.0,0.0,574.1526666565114,0.0,2097152,3.2824896487088693,9.8306666666831,9.758666666668432
striped,4,none,500,0.0,307.32600000042294,576.5233333339493,19.563333333549963,297.0203333335412,9.068911234545036,3.524100050072845,595.0886666672959,500,49152,0.0,0.0,0.0,529.5526666539445,0.0,2097152,3.5300201091615024,9.430666666703473,9.258666666668432
striped,4,none,500,0.5,323.82600000042294,607.5233333339493,20.563333333549963,313.0203333335412,9.557192484545036,3.3442671052332242,627.0886666672959,500,32768,0.0,0.0,0.0,561.5526666539445,0.0,2097152,3.349597928306294,9.930666666703473,9.758666666668432
striped,4,late,100,0.0,150.18300000042836,281.5046666671042,9.271854166719436,148.13600000001134,0.8862696329765052,7.217588025007357,290.5613333337715,100,131072,0.90234375,0.90234375,0.09765625,225.02533332042003,0.0,2097152,7.2362164151632795,7.20866666629081,7.758666666668432
striped,4,late,100,0.5,153.20300000002499,284.5246666667008,9.658791666667753,148.13600000001134,0.8947855021159927,7.1433424468395526,293.5813333333681,100,131072,0.90234375,0.90234375,0.09765625,228.04533332001665,0.0,2097152,7.2362164151632795,4.490666666653851,7.758666666668432
striped,4,late,200,0.0,150.18300000042836,281.5046666671042,9.465604166758908,148.13600000001134,1.7716237386090739,7.217588025007357,290.5613333337715,200,131072,0.8046875,0.8046875,0.1953125,225.02533332042003,0.0,2097152,7.2362164151632795,7.4086666663315555,7.758666666668432
striped,4,late,200,0.5,150.69300000002295,282.01466666669876,9.58035416666769,148.13600000001134,1.774188680013285,7.204941743947409,291.07133333336606,200,131072,0.8046875,0.8046875,0.1953125,225.53533332001462,0.0,2097152,7.2362164151632795,7.0006666666558885,7.758666666668432
striped,4,late,250,0.0,150.18300000042836,281.5046666671042,9.562479166778644,148.13600000001134,2.213957468671382,7.217588025007357,290.5613333337715,250,131072,0.755859375,0.755859375,0.244140625,225.02533332042003,0.0,2097152,7.2362164151632795,7.508666666351928,7.758666666668432
striped,4,late,250,0.5,150.19100000002254,281.51266666669835,9.564666666667677,148.13600000001134,2.214004709879923,7.217389309263309,290.56933333336565,250,131072,0.755859375,0.755859375,0.244140625,225.0333333200142,0.0,2097152,7.2362164151632795,7.502666666656296,7.758666666668432
striped,4,late,251,0.0,150.18300000042836,281.5046666671042,9.564416666779039,148.13600000001134,2.222801808677901,7.217588025007357,290.5613333337715,251,131072,0.7548828125,0.7548828125,0.2451171875,225.02533332042003,0.0,2097152,7.2362164151632795,7.510666666352336,7.758666666668432
striped,4,late,251,0.5,150.18300000042836,281.5046666671042,9.564416666779039,148.13600000001134,2.222801808677901,7.217588025007357,290.5613333337715,251,131072,0.7548828125,0.7548828125,0.2451171875,225.02533332042003,0.0,2097152,7.2362164151632795,7.510666666352336,7.758666666668432
striped,4,late,300,0.0,150.18300000042836,281.5046666671042,9.65935416679838,148.13600000001134,2.6560623168977058,7.217588025007357,290.5613333337715,300,131072,0.70703125,0.70703125,0.29296875,225.02533332042003,0.0,2097152,7.2362164151632795,7.608666666372301,7.758666666668432
striped,4,late,300,0.5,150.18300000042836,281.5046666671042,9.65935416679838,148.13600000001134,2.6560623168977058,7.217588025007357,290.5613333337715,300,131072,0.70703125,0.70703125,0.29296875,225.02533332042003,0.0,2097152,7.2362164151632795,7.608666666372301,7.758666666668432
striped,4,late,400,0.0,150.18300000042836,281.5046666671042,9.853104166837852,148.13600000001134,3.5395853678424016,7.217588025007357,290.5613333337715,400,131072,0.609375,0.609375,0.390625,225.02533332042003,0.0,2097152,7.2362164151632795,7.830666666683101,7.758666666668432
striped,4,late,400,0.5,150.18300000042836,281.5046666671042,9.853104166837852,148.13600000001134,3.5395853678424016,7.217588025007357,290.5613333337715,400,131072,0.609375,0.609375,0.390625,225.02533332042003,0.0,2097152,7.2362164151632795,7.830666666683101,7.758666666668432
striped,4,late,500,0.0,150.18300000042836,281.5046666671042,10.046854166877324,148.13600000001134,4.422192891443161,7.217588025007357,290.5613333337715,500,131072,0.51171875,0.51171875,0.48828125,225.02533332042003,0.0,2097152,7.2362164151632795,8.008666666453792,7.758666666668432
striped,4,late,500,0.5,150.18300000042836,281.5046666671042,10.046854166877324,148.13600000001134,4.422192891443161,7.217588025007357,290.5613333337715,500,131072,0.51171875,0.51171875,0.48828125,225.02533332042003,0.0,2097152,7.2362164151632795,8.008666666453792,7.758666666668432
striped,4,mixed,100,0.0,341.98466667226603,643.4406666771465,20.363333333712944,326.34966667190747,1.969421895378215,3.248936981023053,645.4886666775637,100,1081344,0.5,0.5,0.0,579.9526666642123,0.0,2097152,3.249933879871267,9.258666666668432,9.258666666668432
striped,4,mixed,100,0.5,393.71466666762717,740.3706666684739,23.77933333339024,375.06466666757115,2.2742607625380415,2.813312608765769,745.4386666684877,100,1081344,0.5,0.5,0.0,679.9026666551363,0.0,2097152,2.815200893489495,9.758666666668432,9.758666666668432
striped,4,mixed,200,0.0,335.38466667092143,630.8406666745796,20.1633333336722,320.049666670624,3.861023966521826,3.313619140974343,632.8886666749968,200,1081344,0.5,0.5,0.0,567.3526666616453,0.0,2097152,3.3157042633134752,9.258666666668432,9.258666666668432
striped,4,mixed,200,0.5,356.566666667597,670.5926666684172,21.520333333388407,340.1756666675428,4.106390177419536,3.115427353551126,673.150666668429,200,1081344,0.5,0.5,0.0,607.6146666550776,0.0,2097152,3.117743137588761,9.758666666668432,9.758666666668432
striped,4,mixed,250,0.0,332.08466667024913,624.5406666732961,20.063333333651826,316.89966666998225,4.777642568005655,3.3469357355805167,626.5886666737133,250,1081344,0.5,0.5,0.0,561.0526666603619,0.0,2097152,3.349597928271416,9.258666666668432,9.258666666668432
striped,4,mixed,250,0.5,349.1506666669011,656.6626666671073,21.06933333334746,333.21066666688785,5.02276158651071,3.1836838792057325,658.7186666671187,250,1081344,0.5,0.5,0.0,593.1826666537672,0.0,2097152,3.186102288193832,9.758666666668432,9.758666666668432
striped,4,mixed,251,0.0,332.0186666702357,624.4146666732704,20.06133333365142,316.8366666699694,4.795776499483534,3.3476089024349895,626.4626666736876,251,1081344,0.5,0.5,0.0,560.9266666603362,0.0,2097152,3.3502828709329084,9.258666666668432,9.258666666668432
striped,4,mixed,251,0.5,349.0186666702357,656.4146666732704,21.06133333365142,333.0866666699694,5.040893686983534,3.184921645738921,658.4626666736876,251,1081344,0.5,0.5,0.0,592.9266666603362,0.0,2097152,3.187341936287084,9.758666666668432,9.758666666668432
striped,4,mixed,300,0.0,181.5873333382915,341.1633333425343,11.304666667085257,175.21100000460137,3.1380874634661273,6.110380970154139,343.21133334295155,300,1097728,0.5,0.5,0.0,277.6753333296001,0.0,2097152,6.121046077040801,9.258666666668432,9.258666666668432
striped,4,mixed,300,0.5,190.0873333382915,357.1633333425343,11.804666667085257,183.46100000460137,3.2845718384661273,5.83821223145478,359.21133334295155,300,1081344,0.5,0.5,0.0,293.6753333296001,0.0,2097152,5.847947650053351,9.758666666668432,9.758666666668432
striped,4,mixed,400,0.0,178.38733333763957,334.9633333412712,11.304666667085257,172.11100000396982,4.106601969501544,6.222793694221979,337.01133334168844,400,1097728,0.5,0.5,0.0,271.475333328337,0.0,2097152,6.237563451624658,9.3306666666831,9.258666666668432
striped,4,mixed,400,0.5,186.88733333763957,350.9633333412712,11.804666667085257,180.36100000396982,4.301914469501544,5.94074977748693,353.01133334168844,400,1081344,0.5,0.5,0.0,287.475333328337,0.0,2097152,5.954209569819106,9.8306666666831,9.758666666668432
striped,4,mixed,500,0.0,175.18733333698765,328.7633333400081,11.304666667085257,169.01100000333827,5.036359151310315,6.339420051978391,330.81133334042534,500,1097728,0.5,0.5,0.0,265.2753333270739,0.0,2097152,6.358602845921524,9.430666666703473,9.258666666668432
striped,4,mixed,500,0.5,183.68733333698765,344.7633333400081,11.804666667085257,177.26100000333827,5.280499776310315,6.046953482749839,346.81133334042534,500,1081344,0.5,0.5,0.0,281.2753333270739,0.0,2097152,6.064404688343107,9.930666666703473,9.758666666668432
single,1,ready,100,0.0,33.79200000688434,63.48800001293421,2.23981250045631,31.745000006467308,0.19939877323398225,31.999999993480742,65.53600001335144,100,2097152,1.0,1.0,0.0,0.0,0.0,2097152,31.999999993480742,0.20000000004074536,0.0020000000004074536
single,1,ready,100,0.5,85.16012500008992,159.7220000001471,5.62462500000629,80.03650000008383,0.502151062012157,12.726209114618314,164.79000000016094,100,2097152,1.0,1.0,0.0,99.2539999868095,0.0,2097152,12.741518421299112,0.5020000000004075,0.5020000000004075
single,1,ready,200,0.0,33.79200000688434,63.48800001293421,2.433562500495782,31.745000006467308,0.39757687386029394,31.999999993480742,65.53600001335144,200,2097152,1.0,1.0,0.0,0.0,0.0,2097152,31.999999993480742,0.4000000000814907,0.0020000000004074536
single,1,ready,200,0.5,42.856812500075876,80.10400000012305,3.0643750000067485,40.29343750006933,0.5026072998052187,25.37020638257698,82.66200000013487,200,2097152,1.0,1.0,0.0,17.125999986783427,0.0,2097152,25.49294952833109,0.5020000000004075,0.5020000000004075
single,1,ready,250,0.0,33.79200000688434,63.48800001293421,2.530437500515518,31.745000006467308,0.49620816050148153,31.999999993480742,65.53600001335144,250,2097152,1.0,1.0,0.0,0.0,0.0,2097152,31.999999993480742,0.5000000001018634,0.0020000000004074536
single,1,ready,250,0.5,34.426187500077276,64.24000000015076,2.556187500001897,32.37100000007558,0.5029498596197416,31.632206099702547,66.29800000006071,250,2097152,1.0,1.0,0.0,0.7619999867092702,0.0,2097152,31.871610942268976,0.5020000000004075,0.5020000000004075
single,1,ready,251,0.0,33.79200000688434,63.48800001293421,2.5323750005159127,31.745000006467308,0.4981776734413359,31.999999993480742,65.53600001335144,251,2097152,1.0,1.0,0.0,0.0,0.0,2097152,31.999999993480742,0.5020000001022709,0.0020000000004074536
single,1,ready,251,0.5,34.29200000688434,63.98800001293421,2.5480000005159127,32.24500000646731,0.5029574891153575,31.757707910472906,66.03600001335144,251,2097152,1.0,1.0,0.0,0.5,0.0,2097152,31.999999993480742,0.5020000001022709,0.5020000000004075
single,1,ready,300,0.0,33.79200000688434,63.48800001293421,2.627312500535254,31.745000006467308,0.594534271361357,31.999999993480742,65.53600001335144,300,2097152,1.0,1.0,0.0,0.0,0.0,2097152,31.999999993480742,0.6000000001222361,0.0020000000004074536
single,1,ready,300,0.5,34.29200000688434,63.98800001293421,2.642937500535254,32.24500000646731,0.6004714967034308,31.757707910472906,66.03600001335144,300,2097152,1.0,1.0,0.0,0.5,0.0,2097152,31.999999993480742,0.6000000001222361,0.5020000000004075
single,1,ready,400,0.0,33.79200000688434,63.48800001293421,2.821062500574726,31.745000006467308,0.7902709657371713,31.999999993480742,65.53600001335144,400,2097152,1.0,1.0,0.0,0.0,0.0,2097152,31.999999993480742,0.8000000001629815,0.0020000000004074536
single,1,ready,400,0.5,34.29200000688434,63.98800001293421,2.836687500574726,32.24500000646731,0.798797607583368,31.757707910472906,66.03600001335144,400,2097152,1.0,1.0,0.0,0.5,0.0,2097152,31.999999993480742,0.8000000001629815,0.5020000000004075
single,1,ready,500,0.0,33.79200000688434,63.48800001293421,3.014812500614198,31.745000006467308,0.9847869569877369,31.999999993480742,65.53600001335144,500,2097152,1.0,1.0,0.0,0.0,0.0,2097152,31.999999993480742,1.0000000002037268,0.0020000000004074536
single,1,ready,500,0.5,34.29200000688434,63.98800001293421,3.030437500614198,32.24500000646731,0.9962081911193688,31.757707910472906,66.03600001335144,500,2097152,1.0,1.0,0.0,0.5,0.0,2097152,31.999999993480742,1.0000000002037268,0.5020000000004075
single,1,none,100,0.0,631.862000004352,1186.9606666748077,38.48066666696832,602.6390000040519,3.738692728703935,1.7116208208864239,1225.2433333417357,100,32768,0.0,0.0,0.0,1159.7073333283843,0.0,2097152,1.7118974644630989,9.258666666668432,9.258666666668432
single,1,none,100,0.5,685.0960000016494,1286.7106666697655,41.99066666676663,652.863000001551,4.052490091969359,1.5789413452340177,1328.2013333365321,100,32768,0.0,0.0,0.0,1262.6653333231807,0.0,2097152,1.5795359598907892,9.758666666668432,9.758666666668432
single,1,none,200,0.0,618.8620000017036,1162.360666669796,37.88066666684608,590.2390000015257,7.32144063315735,1.7478548588240896,1199.843333336561,200,32768,0.0,0.0,0.0,1134.3073333232096,0.0,2097152,1.748434832095584,9.258666666668432,9.258666666668432
single,1,none,200,0.5,651.9640000016225,1224.462666669715,39.982666666765,621.7390000015257,7.712239949563461,1.65921099962771,1263.94533333648,200,32768,0.0,0.0,0.0,1198.4093333231285,0.0,2097152,1.6598676212305006,9.758666666668432,9.758666666668432
single,1,none,250,0.0,612.3620000003793,1150.0606666672902,37.580666666784964,584.0390000002626,9.054335276290113,1.766553322681228,1187.1433333339737,250,32768,0.0,0.0,0.0,1121.6073333206223,0.0,2097152,1.7672946929374973,9.258666666668432,9.258666666668432
single,1,none,250,0.5,645.3640000002779,1212.0626666671888,39.58266666668351,615.5390000002626,9.542616892501032,1.676185766853968,1251.1453333338723,250,32768,0.0,0.0,0.0,1185.6093333205208,0.0,2097152,1.676855895195784,9.758666666668432,9.758666666668432
single,1,none,251,0.0,612.2320000003529,1149.81466666724,37.57466666678374,583.9150000002373,9.08859550985093,1.7669313735503789,1186.889333333922,251,32768,0.0,0.0,0.0,1121.3533333205705,0.0,2097152,1.7676760411414743,9.258666666668432,9.258666666668432
single,1,none,251,0.5,645.2320000003529,1211.81466666724,39.57466666678374,615.4150000002373,9.57882988485093,1.6765288056382923,1250.889333333922,251,32768,0.0,0.0,0.0,1185.3533333205705,0.0,2097152,1.6771992083525853,9.758666666668432,9.758666666668432
single,1,none,300,0.0,456.75200000012774,855.5986666668141,34.34212500002195,435.6110000000226,8.072418355306654,2.3747472932632196,883.1053333334821,300,49152,0.0,0.0,0.0,817.5693333201307,0.0,2097152,2.3825496849247494,13.329333333247632,9.258666666668432
single,1,none,300,0.5,457.25200000012774,856.0986666668141,34.35775000002195,436.1110000000226,8.076995992025404,2.3734035104658116,883.6053333334821,300,32768,0.0,0.0,0.0,818.0693333201307,0.0,2097152,2.3825496849247494,13.329333333247632,9.758666666668432
single,1,none,400,0.0,456.75200000012774,855.5986666668141,34.535875000061424,435.6110000000226,10.744818766276826,2.3747472932632196,883.1053333334821,400,49152,0.0,0.0,0.0,817.5693333201307,0.0,2097152,2.3825496849247494,13.529333333288378,9.258666666668432
single,1,none,400,0.5,457.25200000012774,856.0986666668141,34.551500000061424,436.1110000000226,10.750922281901826,2.3734035104658116,883.6053333334821,400,32768,0.0,0.0,0.0,818.0693333201307,0.0,2097152,2.3825496849247494,13.529333333288378,9.758666666668432
single,1,none,500,0.0,456.75200000012774,855.5986666668141,34.729625000100896,435.6110000000226,13.416303649903062,2.3747472932632196,883.1053333334821,500,49152,0.0,0.0,0.0,817.5693333201307,0.0,2097152,2.3825496849247494,13.729333333329123,9.258666666668432
single,1,none,500,0.5,457.25200000012774,856.0986666668141,34.745250000100896,436.1110000000226,13.423933044434312,2.3734035104658116,883.6053333334821,500,32768,0.0,0.0,0.0,818.0693333201307,0.0,2097152,2.3825496849247494,13.729333333329123,9.758666666668432
single,1,late,100,0.0,455.25200000012774,854.0986666668141,27.741979166710394,434.1110000000226,2.6899927775068724,2.3787877871273233,881.6053333334821,100,278528,0.609375,0.609375,0.390625,816.0693333201307,0.0,2097152,2.3825496849247494,6.5646666666034434,7.758666666668432
single,1,late,100,0.5,455.85600000004706,854.7026666667334,28.053416666668795,434.1110000000226,2.6914305216473053,2.3771591625266244,882.2093333334014,100,278528,0.609375,0.609375,0.390625,816.67333332005,0.0,2097152,2.3825496849247494,6.262666666643781,7.758666666668432
single,1,late,200,0.0,455.25200000012774,854.0986666668141,27.935729166749866,434.1110000000226,5.379070027669808,2.3787877871273233,881.6053333334821,200,278528,0.21875,0.21875,0.78125,816.0693333201307,0.0,2097152,2.3825496849247494,6.764666666644189,7.758666666668432
single,1,late,200,0.5,455.35400000004665,854.200666666733,28.037729166668782,434.1110000000226,5.37924434407592,2.3785125979064548,881.707333333401,200,278528,0.21875,0.21875,0.78125,816.1713333200496,0.0,2097152,2.3825496849247494,6.764666666644189,7.758666666668432
single,1,late,250,0.0,455.25200000012774,854.0986666668141,28.0326041667696,434.1110000000226,6.723265329997299,2.3787877871273233,881.6053333334821,250,278528,0.0234375,0.0234375,0.9765625,816.0693333201307,0.0,2097152,2.3825496849247494,6.8646666666645615,7.758666666668432
single,1,late,250,0.5,455.2540000000263,854.1006666667126,28.034604166668146,434.1110000000226,6.723265696208219,2.378782390648468,881.6073333333807,250,278528,0.0234375,0.0234375,0.9765625,816.0713333200292,0.0,2097152,2.3825496849247494,6.8646666666645615,7.758666666668432
single,1,late,251,0.0,455.25200000012774,854.0986666668141,28.034541666769996,434.1110000000226,6.750146901449122,2.3787877871273233,881.6053333334821,251,278528,0.01953125,0.01953125,0.98046875,816.0693333201307,0.0,2097152,2.3825496849247494,6.866666666664969,7.758666666668432
single,1,late,251,0.5,455.25200000012774,854.0986666668141,28.034541666769996,434.1110000000226,6.750146901449122,2.3787877871273233,881.6053333334821,251,278528,0.01953125,0.01953125,0.98046875,816.0693333201307,0.0,2097152,2.3825496849247494,6.866666666664969,7.758666666668432
single,1,late,300,0.0,455.25200000012774,854.0986666668141,34.29525000002195,434.1110000000226,8.058685445150404,2.3787877871273233,881.6053333334821,300,278528,0.0,0.0,1.0,816.0693333201307,0.0,2097152,2.3825496849247494,13.329333333247632,7.758666666668432
single,1,late,300,0.5,455.25200000012774,854.0986666668141,34.29525000002195,434.1110000000226,8.058685445150404,2.3787877871273233,881.6053333334821,300,278528,0.0,0.0,1.0,816.0693333201307,0.0,2097152,2.3825496849247494,13.329333333247632,7.758666666668432
single,1,late,400,0.0,455.25200000012774,854.0986666668141,34.489000000061424,434.1110000000226,10.726508219401826,2.3787877871273233,881.6053333334821,400,278528,0.0,0.0,1.0,816.0693333201307,0.0,2097152,2.3825496849247494,13.529333333288378,7.758666666668432
single,1,late,400,0.5,455.25200000012774,854.0986666668141,34.489000000061424,434.1110000000226,10.726508219401826,2.3787877871273233,881.6053333334821,400,278528,0.0,0.0,1.0,816.0693333201307,0.0,2097152,2.3825496849247494,13.529333333288378,7.758666666668432
single,1,late,500,0.0,455.25200000012774,854.0986666668141,34.682750000100896,434.1110000000226,13.393415466309312,2.3787877871273233,881.6053333334821,500,278528,0.0,0.0,1.0,816.0693333201307,0.0,2097152,2.3825496849247494,13.729333333329123,7.758666666668432
single,1,late,500,0.5,455.25200000012774,854.0986666668141,34.682750000100896,434.1110000000226,13.393415466309312,2.3787877871273233,881.6053333334821,500,278528,0.0,0.0,1.0,816.0693333201307,0.0,2097152,2.3825496849247494,13.729333333329123,7.758666666668432
single,1,mixed,100,0.0,341.98466667226603,643.4406666771465,20.363333333712944,326.34966667190747,1.969421895378215,3.248936981023053,645.4886666775637,100,1081344,0.5,0.5,0.0,579.9526666642123,0.0,2097152,3.249933879871267,9.258666666668432,9.258666666668432
single,1,mixed,100,0.5,393.71466666762717,740.3706666684739,23.77933333339024,375.06466666757115,2.2742607625380415,2.813312608765769,745.4386666684877,100,1081344,0.5,0.5,0.0,679.9026666551363,0.0,2097152,2.815200893489495,9.758666666668432,9.758666666668432
single,1,mixed,200,0.0,335.38466667092143,630.8406666745796,20.1633333336722,320.049666670624,3.861023966521826,3.313619140974343,632.8886666749968,200,1081344,0.5,0.5,0.0,567.3526666616453,0.0,2097152,3.3157042633134752,9.258666666668432,9.258666666668432
single,1,mixed,200,0.5,356.566666667597,670.5926666684172,21.520333333388407,340.1756666675428,4.106390177419536,3.115427353551126,673.150666668429,200,1081344,0.5,0.5,0.0,607.6146666550776,0.0,2097152,3.117743137588761,9.758666666668432,9.758666666668432
single,1,mixed,250,0.0,332.08466667024913,624.5406666732961,20.063333333651826,316.89966666998225,4.777642568005655,3.3469357355805167,626.5886666737133,250,1081344,0.5,0.5,0.0,561.0526666603619,0.0,2097152,3.349597928271416,9.258666666668432,9.258666666668432
single,1,mixed,250,0.5,349.1506666669011,656.6626666671073,21.06933333334746,333.21066666688785,5.02276158651071,3.1836838792057325,658.7186666671187,250,1081344,0.5,0.5,0.0,593.1826666537672,0.0,2097152,3.186102288193832,9.758666666668432,9.758666666668432
single,1,mixed,251,0.0,332.0186666702357,624.4146666732704,20.06133333365142,316.8366666699694,4.795776499483534,3.3476089024349895,626.4626666736876,251,1081344,0.5,0.5,0.0,560.9266666603362,0.0,2097152,3.3502828709329084,9.258666666668432,9.258666666668432
single,1,mixed,251,0.5,349.0186666702357,656.4146666732704,21.06133333365142,333.0866666699694,5.040893686983534,3.184921645738921,658.4626666736876,251,1081344,0.5,0.5,0.0,592.9266666603362,0.0,2097152,3.187341936287084,9.758666666668432,9.758666666668432
single,1,mixed,300,0.0,270.28766666999763,508.1286666728047,19.704666666937555,258.69366666973656,4.666700744688085,4.110638798271946,510.1766666732219,300,1097728,0.5,0.5,0.0,444.6406666598705,101.83466666500317,2097152,4.1154627090096465,15.62333333323113,9.258666666668432
single,1,mixed,300,0.5,274.53766666999763,516.1286666728047,19.954666666937555,262.94366666973656,4.739942932188085,4.047175673625088,518.1766666732219,300,1081344,0.5,0.5,0.0,452.6406666598705,95.2106666652835,2097152,4.051851699143833,16.12333333323113,9.758666666668432
single,1,mixed,400,0.0,268.78766666969204,505.1286666721935,19.804666666957928,257.19366666943097,6.183815511138779,4.134953632150706,507.17666667261074,400,1097728,0.5,0.5,0.0,441.6406666592593,101.83466666500317,2097152,4.141469888099662,15.62333333323113,9.258666666668432
single,1,mixed,400,0.5,273.03766666969204,513.1286666721935,20.054666666957928,261.44366666943097,6.281471761138779,4.070743369541458,515.1766666726107,400,1081344,0.5,0.5,0.0,449.6406666592593,98.41066666593542,2097152,4.077058664906583,16.12333333323113,9.758666666668432
single,1,mixed,500,0.0,267.28766666938645,502.1286666715823,19.9046666669783,255.69366666912538,7.681704203366807,4.159557826908196,504.17666667199956,500,1097728,0.5,0.5,0.0,438.6406666586481,101.83466666500317,2097152,4.167807856146434,15.62333333323113,9.258666666668432
single,1,mixed,500,0.5,271.53766666938645,510.1286666715823,20.1546666669783,259.9436666691254,7.803774515866807,4.09458715412943,512.1766666719996,500,1081344,0.5,0.5,0.0,446.6406666586481,101.61066666658735,2097152,4.10258122400574,16.12333333323113,9.758666666668432
