group,label,requests,request_bytes,page_bytes,burst_bytes,chips,channels,planes,mapping,tr_us,lookup_us,outstanding,scenario,period_us,first_demand_us,early_lead_us,late_lead_us,buffer_bytes,io_gbps,command_us,turnaround_us,ecc_us,axi_width_bits,axi_clock_mhz,lookup_ii_us,mean_request_latency_us,p95_request_latency_us,mean_request_service_us,mean_first_data_latency_us,mean_burst_latency_us,throughput_gbps,completion_span_us,peak_outstanding,buffer_peak_bytes,ready_hit_at_ar,ready_hit_at_lookup,late_hit_at_ar,r_idle_us,hol_idle_us,nand_bytes
topology_tr,single-1-3-none,32,65536,16384,4096,4,1,6,single,3,3,64,none,0.0,20000.0,10000.0,1.5,8388608,2.4,0.1,0.05,0.2,256,500.0,0,461.1840000000266,860.0306666667129,124.50191666667524,439.53200000002107,104.43941666667047,2.3628887723782745,887.537333333381,64,262144,0.0,0.0,0.0,756.4653333327551,0.0,2097152
topology_tr,single-1-3-ready,32,65536,16384,4096,4,1,6,single,3,3,64,ready,0.0,20000.0,10000.0,1.5,8388608,2.4,0.1,0.05,0.2,256,500.0,0,70.5840000003227,129.9760000006063,19.345000000089385,66.49000000030355,15.743125000071814,15.641983411825068,134.07200000062585,64,2097152,1.0,1.0,0.0,3.0,0.0,2097152
topology_tr,single-1-3-mixed,32,65536,16384,4096,4,1,6,single,3,3,64,mixed,0.0,20000.0,10000.0,1.5,8388608,2.4,0.1,0.05,0.2,256,500.0,0,243.17866666669215,447.43066666669256,65.50129166667989,230.30566666667983,53.66910416666872,4.644580608010871,451.5266666667121,64,1179648,0.5,0.5,0.0,320.45466666608627,317.42266666607975,2097152
topology_tr,single-1-50-none,32,65536,16384,4096,4,1,6,single,50,3,64,none,0.0,20000.0,10000.0,1.5,8388608,2.4,0.1,0.05,0.2,256,500.0,0,508.1840000000266,907.0306666667129,130.37691666667524,486.53200000002107,110.31441666667047,2.2440537421011464,934.537333333381,64,262144,0.0,0.0,0.0,803.4653333327551,0.0,2097152
topology_tr,single-1-50-ready,32,65536,16384,4096,4,1,6,single,50,3,64,ready,0.0,20000.0,10000.0,1.5,8388608,2.4,0.1,0.05,0.2,256,500.0,0,70.5840000003227,129.9760000006063,19.345000000089385,66.49000000030355,15.743125000071814,15.641983411825068,134.07200000062585,64,2097152,1.0,1.0,0.0,3.0,0.0,2097152
topology_tr,single-1-50-mixed,32,65536,16384,4096,4,1,6,single,50,3,64,mixed,0.0,20000.0,10000.0,1.5,8388608,2.4,0.1,0.05,0.2,256,500.0,0,309.14633333335223,532.3660000000127,76.11820833334491,296.2733333333399,64.28602083333374,3.9092274942118435,536.4620000000323,64,1179648,0.5,0.5,0.0,405.3899999994064,402.3579999993999,2097152
topology_tr,single-4-3-none,32,65536,16384,4096,4,4,6,single,3,3,64,none,0.0,20000.0,10000.0,1.5,8388608,2.4,0.1,0.05,0.2,256,500.0,0,141.91275000002656,245.35066666671264,36.4219791666701,134.51035416669265,29.598604166670498,8.38467279356784,250.1173333333645,64,262144,0.0,0.0,0.0,119.04533333273866,105.19799999944007,2097152
topology_tr,single-4-3-ready,32,65536,16384,4096,4,4,6,single,3,3,64,ready,0.0,20000.0,10000.0,1.5,8388608,2.4,0.1,0.05,0.2,256,500.0,0,70.5840000003227,129.9760000006063,19.345000000089385,66.49000000030355,15.743125000071814,15.641983411825068,134.07200000062585,64,2097152,1.0,1.0,0.0,3.0,0.0,2097152
topology_tr,single-4-3-mixed,32,65536,16384,4096,4,4,6,single,3,3,64,mixed,0.0,20000.0,10000.0,1.5,8388608,2.4,0.1,0.05,0.2,256,500.0,0,138.7722500000334,239.0533333333733,35.504979166670864,131.5876041666986,28.913307291669923,8.624954760309796,243.14933333339286,64,1179648,0.5,0.5,0.0,112.07733333276701,109.04533333276049,2097152
topology_tr,single-4-50-none,32,65536,16384,4096,4,4,6,single,50,3,64,none,0.0,20000.0,10000.0,1.5,8388608,2.4,0.1,0.05,0.2,256,500.0,0,326.32666666669707,574.3506666667126,82.59266666667463,311.2397083333585,68.82086458333703,3.625488953173031,578.4466666667322,64,262144,0.0,0.0,0.0,447.37466666610635,104.47399999981644,2097152
topology_tr,single-4-50-ready,32,65536,16384,4096,4,4,6,single,50,3,64,ready,0.0,20000.0,10000.0,1.5,8388608,2.4,0.1,0.05,0.2,256,500.0,0,70.5840000003227,129.9760000006063,19.345000000089385,66.49000000030355,15.743125000071814,15.641983411825068,134.07200000062585,64,2097152,1.0,1.0,0.0,3.0,0.0,2097152
topology_tr,single-4-50-mixed,32,65536,16384,4096,4,4,6,single,50,3,64,mixed,0.0,20000.0,10000.0,1.5,8388608,2.4,0.1,0.05,0.2,256,500.0,0,307.1706250000318,530.6093333333702,75.45972916668018,294.84631250001905,64.17622916666858,3.922070473705977,534.7053333333897,64,1179648,0.5,0.5,0.0,403.63333333276387,400.60133333275735,2097152
topology_tr,striped-1-3-none,32,65536,16384,4096,4,1,6,striped,3,3,64,none,0.0,20000.0,10000.0,1.5,8388608,2.4,0.1,0.05,0.2,256,500.0,0,461.1840000000266,860.0306666667129,124.50191666667524,439.53200000002107,104.43941666667047,2.3628887723782745,887.537333333381,64,81920,0.0,0.0,0.0,756.4653333327551,0.0,2097152
topology_tr,striped-1-3-ready,32,65536,16384,4096,4,1,6,striped,3,3,64,ready,0.0,20000.0,10000.0,1.5,8388608,2.4,0.1,0.05,0.2,256,500.0,0,70.5840000003227,129.9760000006063,19.345000000089385,66.49000000030355,15.743125000071814,15.641983411825068,134.07200000062585,64,2097152,1.0,1.0,0.0,3.0,0.0,2097152
topology_tr,striped-1-3-mixed,32,65536,16384,4096,4,1,6,striped,3,3,64,mixed,0.0,20000.0,10000.0,1.5,8388608,2.4,0.1,0.05,0.2,256,500.0,0,243.17866666669215,447.43066666669256,65.50129166667989,230.30566666667983,53.66910416666872,4.644580608010871,451.5266666667121,64,1130496,0.5,0.5,0.0,320.45466666608627,317.42266666607975,2097152
topology_tr,striped-1-50-none,32,65536,16384,4096,4,1,6,striped,50,3,64,none,0.0,20000.0,10000.0,1.5,8388608,2.4,0.1,0.05,0.2,256,500.0,0,966.5049999999956,1793.1786666666485,231.557916666673,953.6319999999832,219.81717708332843,1.1328734943382126,1851.179333333319,64,131072,0.0,0.0,0.0,1720.107333332693,470.5439999999071,2097152
topology_tr,striped-1-50-ready,32,65536,16384,4096,4,1,6,striped,50,3,64,ready,0.0,20000.0,10000.0,1.5,8388608,2.4,0.1,0.05,0.2,256,500.0,0,70.5840000003227,129.9760000006063,19.345000000089385,66.49000000030355,15.743125000071814,15.641983411825068,134.07200000062585,64,2097152,1.0,1.0,0.0,3.0,0.0,2097152
topology_tr,striped-1-50-mixed,32,65536,16384,4096,4,1,6,striped,50,3,64,mixed,0.0,20000.0,10000.0,1.5,8388608,2.4,0.1,0.05,0.2,256,500.0,0,512.2276666666785,938.5286666666652,122.35812500001134,502.2809999999972,113.31509895833133,2.2248006806526313,942.6246666666848,64,1130496,0.5,0.5,0.0,811.5526666660589,808.5206666660524,2097152
topology_tr,striped-4-3-none,32,65536,16384,4096,4,4,6,striped,3,3,64,none,0.0,20000.0,10000.0,1.5,8388608,2.4,0.1,0.05,0.2,256,500.0,0,171.92300000000432,316.5886666666556,42.303541666680076,167.82899999998517,38.701666666662504,6.421687829175889,326.5733333333228,64,131072,0.0,0.0,0.0,195.50133333269696,0.3840000000782311,2097152
topology_tr,striped-4-3-ready,32,65536,16384,4096,4,4,6,striped,3,3,64,ready,0.0,20000.0,10000.0,1.5,8388608,2.4,0.1,0.05,0.2,256,500.0,0,70.5840000003227,129.9760000006063,19.345000000089385,66.49000000030355,15.743125000071814,15.641983411825068,134.07200000062585,64,2097152,1.0,1.0,0.0,3.0,0.0,2097152
topology_tr,striped-4-3-mixed,32,65536,16384,4096,4,4,6,striped,3,3,64,mixed,0.0,20000.0,10000.0,1.5,8388608,2.4,0.1,0.05,0.2,256,500.0,0,94.15366666668888,166.93866666667236,23.852791666683288,90.05966666666973,20.250916666665717,12.261561009072373,171.03466666669192,64,1179648,0.5,0.5,0.0,39.96266666606607,36.93066666605955,2097152
topology_tr,striped-4-50-none,32,65536,16384,4096,4,4,6,striped,50,3,64,none,0.0,20000.0,10000.0,1.5,8388608,2.4,0.1,0.05,0.2,256,500.0,0,947.4230000000043,1773.5886666666556,221.49104166668008,943.3289999999852,217.8891666666625,1.1456257784446469,1830.5733333333228,64,131072,0.0,0.0,0.0,1699.501333332697,0.3840000000782311,2097152
topology_tr,striped-4-50-ready,32,65536,16384,4096,4,4,6,striped,50,3,64,ready,0.0,20000.0,10000.0,1.5,8388608,2.4,0.1,0.05,0.2,256,500.0,0,70.5840000003227,129.9760000006063,19.345000000089385,66.49000000030355,15.743125000071814,15.641983411825068,134.07200000062585,64,2097152,1.0,1.0,0.0,3.0,0.0,2097152
topology_tr,striped-4-50-mixed,32,65536,16384,4096,4,4,6,striped,50,3,64,mixed,0.0,20000.0,10000.0,1.5,8388608,2.4,0.1,0.05,0.2,256,500.0,0,493.6536666666889,918.9386666666724,114.91529166668329,489.5596666666697,111.31341666666572,2.2720186746325988,923.0346666666919,64,1179648,0.5,0.5,0.0,791.9626666660661,788.9306666660596,2097152
lookup_capacity,L3-II0-O16,32,65536,16384,4096,4,4,6,striped,3.0,3,16,ready,0.0,20000.0,10000.0,1.5,8388608,2.4,0.1,0.05,0.2,256,500.0,0,70.5840000003227,129.9760000006063,7.90975000003732,66.49000000030355,4.129281250019176,15.641983411825068,134.07200000062585,16,2097152,1.0,1.0,0.0,3.0,0.0,2097152
lookup_capacity,L3-II0-O64,32,65536,16384,4096,4,4,6,striped,3.0,3,64,ready,0.0,20000.0,10000.0,1.5,8388608,2.4,0.1,0.05,0.2,256,500.0,0,70.5840000003227,129.9760000006063,19.345000000089385,66.49000000030355,15.743125000071814,15.641983411825068,134.07200000062585,64,2097152,1.0,1.0,0.0,3.0,0.0,2097152
lookup_capacity,L3-II0.002-O16,32,65536,16384,4096,4,4,6,striped,3.0,3,16,ready,0.0,20000.0,10000.0,1.5,8388608,2.4,0.1,0.05,0.2,256,500.0,0.002,70.5840000003227,129.9760000006063,7.90975000003732,66.49000000030355,4.129281250019176,15.641983411825068,134.07200000062585,16,2097152,1.0,1.0,0.0,3.0,0.0,2097152
lookup_capacity,L3-II0.002-O64,32,65536,16384,4096,4,4,6,striped,3.0,3,64,ready,0.0,20000.0,10000.0,1.5,8388608,2.4,0.1,0.05,0.2,256,500.0,0.002,70.5840000003227,129.9760000006063,19.345000000089385,66.49000000030355,15.743125000071814,15.641983411825068,134.07200000062585,64,2097152,1.0,1.0,0.0,3.0,0.0,2097152
lookup_capacity,L3-II0.256-O16,32,65536,16384,4096,4,4,6,striped,3.0,3,16,ready,0.0,20000.0,10000.0,1.5,8388608,2.4,0.1,0.05,0.2,256,500.0,0.256,70.5840000003227,129.9760000006063,7.90975000003732,66.49000000030355,4.129281250019176,15.641983411825068,134.07200000062585,16,2097152,1.0,1.0,0.0,3.0,0.0,2097152
lookup_capacity,L3-II0.256-O64,32,65536,16384,4096,4,4,6,striped,3.0,3,64,ready,0.0,20000.0,10000.0,1.5,8388608,2.4,0.1,0.05,0.2,256,500.0,0.256,70.5840000003227,129.9760000006063,19.345000000089385,66.49000000030355,15.743125000071814,15.641983411825068,134.07200000062585,64,2097152,1.0,1.0,0.0,3.0,0.0,2097152
lookup_capacity,L3-II1-O16,32,65536,16384,4096,4,4,6,striped,3.0,3,16,ready,0.0,20000.0,10000.0,1.5,8388608,2.4,0.1,0.05,0.2,256,500.0,1,266.2560000000012,498.2560000000012,30.601750000000038,251.0020000000004,15.835656249999943,4.078031175134553,514.2560000000012,16,2097152,1.0,1.0,0.0,383.1839999993754,0.0,2097152
lookup_capacity,L3-II1-O64,32,65536,16384,4096,4,4,6,striped,3.0,3,64,ready,0.0,20000.0,10000.0,1.5,8388608,2.4,0.1,0.05,0.2,256,500.0,1,266.2560000000012,498.2560000000012,74.40099999999893,251.0020000000004,60.33662499999855,4.078031175134553,514.2560000000012,64,2097152,1.0,1.0,0.0,383.1839999993754,0.0,2097152
lookup_capacity,L3-II3-O16,32,65536,16384,4096,4,4,6,striped,3.0,3,16,ready,0.0,20000.0,10000.0,1.5,8388608,2.4,0.1,0.05,0.2,256,500.0,3,792.2560000000012,1488.2560000000012,91.60175000000004,747.0020000000004,47.30440624999994,1.3651058156973828,1536.2560000000012,16,2097152,1.0,1.0,0.0,1405.1839999993754,0.0,2097152
lookup_capacity,L3-II3-O64,32,65536,16384,4096,4,4,6,striped,3.0,3,64,ready,0.0,20000.0,10000.0,1.5,8388608,2.4,0.1,0.05,0.2,256,500.0,3,792.2560000000012,1488.2560000000012,222.40099999999893,747.0020000000004,180.21162499999855,1.3651058156973828,1536.2560000000012,64,2097152,1.0,1.0,0.0,1405.1839999993754,0.0,2097152
lookup_capacity,L10-II0-O16,32,65536,16384,4096,4,4,6,striped,3.0,10,16,ready,0.0,20000.0,10000.0,1.5,8388608,2.4,0.1,0.05,0.2,256,500.0,0,173.0640000000385,321.77600000005623,14.096000000019558,168.97000000001935,10.315531250001413,6.3161141094823305,332.03200000005745,16,2097152,1.0,1.0,0.0,200.9599999994316,0.0,2097152
lookup_capacity,L10-II0-O64,32,65536,16384,4096,4,4,6,striped,3.0,10,64,ready,0.0,20000.0,10000.0,1.5,8388608,2.4,0.1,0.05,0.2,256,500.0,0,77.5840000003227,136.9760000006063,20.220000000089385,73.49000000030355,16.618125000071814,14.865827378861121,141.07200000062585,64,2097152,1.0,1.0,0.0,10.0,0.0,2097152
lookup_capacity,L10-II0.002-O16,32,65536,16384,4096,4,4,6,striped,3.0,10,16,ready,0.0,20000.0,10000.0,1.5,8388608,2.4,0.1,0.05,0.2,256,500.0,0.002,173.0640000000385,321.77600000005623,14.096000000019558,168.97000000001935,10.315531250001413,6.3161141094823305,332.03200000005745,16,2097152,1.0,1.0,0.0,200.9599999994316,0.0,2097152
lookup_capacity,L10-II0.002-O64,32,65536,16384,4096,4,4,6,striped,3.0,10,64,ready,0.0,20000.0,10000.0,1.5,8388608,2.4,0.1,0.05,0.2,256,500.0,0.002,77.5840000003227,136.9760000006063,20.220000000089385,73.49000000030355,16.618125000071814,14.865827378861121,141.07200000062585,64,2097152,1.0,1.0,0.0,10.0,0.0,2097152
lookup_capacity,L10-II0.256-O16,32,65536,16384,4096,4,4,6,striped,3.0,10,16,ready,0.0,20000.0,10000.0,1.5,8388608,2.4,0.1,0.05,0.2,256,500.0,0.256,173.0640000000385,321.77600000005623,14.096000000019558,168.97000000001935,10.315531250001413,6.3161141094823305,332.03200000005745,16,2097152,1.0,1.0,0.0,200.9599999994316,0.0,2097152
lookup_capacity,L10-II0.256-O64,32,65536,16384,4096,4,4,6,striped,3.0,10,64,ready,0.0,20000.0,10000.0,1.5,8388608,2.4,0.1,0.05,0.2,256,500.0,0.256,77.5840000003227,136.9760000006063,20.220000000089385,73.49000000030355,16.618125000071814,14.865827378861121,141.07200000062585,64,2097152,1.0,1.0,0.0,10.0,0.0,2097152
lookup_capacity,L10-II1-O16,32,65536,16384,4096,4,4,6,striped,3.0,10,16,ready,0.0,20000.0,10000.0,1.5,8388608,2.4,0.1,0.05,0.2,256,500.0,1,273.2560000000012,505.2560000000012,30.820500000000038,258.0020000000004,16.054406249999943,4.02326687846278,521.2560000000012,16,2097152,1.0,1.0,0.0,390.1839999993754,0.0,2097152
lookup_capacity,L10-II1-O64,32,65536,16384,4096,4,4,6,striped,3.0,10,64,ready,0.0,20000.0,10000.0,1.5,8388608,2.4,0.1,0.05,0.2,256,500.0,1,273.2560000000012,505.2560000000012,75.27599999999893,258.0020000000004,61.21162499999855,4.02326687846278,521.2560000000012,64,2097152,1.0,1.0,0.0,390.1839999993754,0.0,2097152
lookup_capacity,L10-II10-O16,32,65536,16384,4096,4,4,6,striped,3.0,10,16,ready,0.0,20000.0,10000.0,1.5,8388608,2.4,0.1,0.05,0.2,256,500.0,10,2640.256000000001,4960.256000000001,305.32050000000004,2490.0020000000004,157.66378124999994,0.4095795210239487,5120.256000000001,16,2097152,1.0,1.0,0.0,4989.183999999375,0.0,2097152
lookup_capacity,L10-II10-O64,32,65536,16384,4096,4,4,6,striped,3.0,10,64,ready,0.0,20000.0,10000.0,1.5,8388608,2.4,0.1,0.05,0.2,256,500.0,10,2640.256000000001,4960.256000000001,741.2759999999989,2490.0020000000004,600.6491249999985,0.4095795210239487,5120.256000000001,64,2097152,1.0,1.0,0.0,4989.183999999375,0.0,2097152
threshold_length,L3-O12-N32,32,65536,16384,4096,4,4,6,striped,3.0,3,12,ready,0.0,20000.0,10000.0,1.5,8388608,2.4,0.1,0.05,0.2,256,500.0,0,74.51125000003572,137.520000000055,7.280000000006112,70.23325000003001,3.2887421875013274,14.789506346961184,141.80000000006112,12,2097152,1.0,1.0,0.0,10.72799999943527,0.0,2097152
threshold_length,L3-O12-N128,128,65536,16384,4096,4,4,6,striped,3.0,3,12,ready,0.0,20000.0,10000.0,1.5,8388608,2.4,0.1,0.05,0.2,256,500.0,0,282.89381250011405,532.5200000002078,7.280000000006112,278.61581250010835,3.2641855468762486,15.018060468907514,558.5680000002176,12,8388608,1.0,1.0,0.0,34.279999997714185,0.0,8388608
threshold_length,L3-O13-N32,32,65536,16384,4096,4,4,6,striped,3.0,3,13,ready,0.0,20000.0,10000.0,1.5,8388608,2.4,0.1,0.05,0.2,256,500.0,0,70.5840000003227,129.9760000006063,7.165750000033768,66.49000000030355,3.3648671875156424,15.641983411825068,134.07200000062585,13,2097152,1.0,1.0,0.0,3.0,0.0,2097152
threshold_length,L3-O13-N128,128,65536,16384,4096,4,4,6,striped,3.0,3,13,ready,0.0,20000.0,10000.0,1.5,8388608,2.4,0.1,0.05,0.2,256,500.0,0,267.1920000012615,502.71200000238605,7.1674375000341115,263.0980000012423,3.3372167968908286,15.908968153950353,527.2880000025034,13,8388608,1.0,1.0,0.0,3.0,0.0,8388608
threshold_length,L3-O16-N32,32,65536,16384,4096,4,4,6,striped,3.0,3,16,ready,0.0,20000.0,10000.0,1.5,8388608,2.4,0.1,0.05,0.2,256,500.0,0,70.5840000003227,129.9760000006063,7.90975000003732,66.49000000030355,4.129281250019176,15.641983411825068,134.07200000062585,16,2097152,1.0,1.0,0.0,3.0,0.0,2097152
threshold_length,L3-O16-N128,128,65536,16384,4096,4,4,6,striped,3.0,3,16,ready,0.0,20000.0,10000.0,1.5,8388608,2.4,0.1,0.05,0.2,256,500.0,0,267.1920000012615,502.71200000238605,7.92943750003775,263.0980000012423,4.104320312519462,15.908968153950353,527.2880000025034,16,8388608,1.0,1.0,0.0,3.0,0.0,8388608
threshold_length,L10-O40-N32,32,65536,16384,4096,4,4,6,striped,3.0,10,40,ready,0.0,20000.0,10000.0,1.5,8388608,2.4,0.1,0.05,0.2,256,500.0,0,77.68000000003667,137.16800000003423,14.480000000011842,73.58300000002646,10.642953125002464,14.845622380784924,141.26400000005378,40,2097152,1.0,1.0,0.0,10.191999999427935,0.0,2097152
threshold_length,L10-O40-N128,128,65536,16384,4096,4,4,6,striped,3.0,10,40,ready,0.0,20000.0,10000.0,1.5,8388608,2.4,0.1,0.05,0.2,256,500.0,0,274.59525000006,510.4800000000978,14.19450000001018,270.4980000000505,10.352738281251533,15.676593708884385,535.1040000000721,40,8388608,1.0,1.0,0.0,10.815999997568724,0.0,8388608
threshold_length,L10-O41-N32,32,65536,16384,4096,4,4,6,striped,3.0,10,41,ready,0.0,20000.0,10000.0,1.5,8388608,2.4,0.1,0.05,0.2,256,500.0,0,77.5840000003227,136.9760000006063,14.69450000006509,73.49000000030355,10.883578125047507,14.865827378861121,141.07200000062585,41,2097152,1.0,1.0,0.0,10.0,0.0,2097152
threshold_length,L10-O41-N128,128,65536,16384,4096,4,4,6,striped,3.0,10,41,ready,0.0,20000.0,10000.0,1.5,8388608,2.4,0.1,0.05,0.2,256,500.0,0,274.1920000012615,509.71200000238605,14.425625000067612,270.0980000012423,10.592894531299464,15.700536040413963,534.2880000025034,41,8388608,1.0,1.0,0.0,10.0,0.0,8388608
threshold_length,L10-O64-N32,32,65536,16384,4096,4,4,6,striped,3.0,10,64,ready,0.0,20000.0,10000.0,1.5,8388608,2.4,0.1,0.05,0.2,256,500.0,0,77.5840000003227,136.9760000006063,20.220000000089385,73.49000000030355,16.618125000071814,14.865827378861121,141.07200000062585,64,2097152,1.0,1.0,0.0,10.0,0.0,2097152
threshold_length,L10-O64-N128,128,65536,16384,4096,4,4,6,striped,3.0,10,64,ready,0.0,20000.0,10000.0,1.5,8388608,2.4,0.1,0.05,0.2,256,500.0,0,274.1920000012615,509.71200000238605,20.22300000009477,270.0980000012423,16.442531250076627,15.700536040413963,534.2880000025034,64,8388608,1.0,1.0,0.0,10.0,0.0,8388608
buffer,none-64KiB,32,65536,16384,4096,4,4,6,striped,3.0,3,64,none,0.0,20000.0,10000.0,1.5,65536,2.4,0.1,0.05,0.2,256,500.0,0,190.88300000008894,353.2926666668209,46.81554166670048,186.7890000000698,43.21366666668291,5.7536086622501195,364.49333333349205,64,65536,0.0,0.0,0.0,233.4213333328662,0.0,2097152
buffer,none-256KiB,32,65536,16384,4096,4,4,6,striped,3.0,3,64,none,0.0,20000.0,10000.0,1.5,262144,2.4,0.1,0.05,0.2,256,500.0,0,171.92300000000432,316.5886666666556,42.303541666680076,167.82899999998517,38.701666666662504,6.421687829175889,326.5733333333228,64,131072,0.0,0.0,0.0,195.50133333269696,0.3840000000782311,2097152
buffer,none-2048KiB,32,65536,16384,4096,4,4,6,striped,3.0,3,64,none,0.0,20000.0,10000.0,1.5,2097152,2.4,0.1,0.05,0.2,256,500.0,0,171.92300000000432,316.5886666666556,42.303541666680076,167.82899999998517,38.701666666662504,6.421687829175889,326.5733333333228,64,131072,0.0,0.0,0.0,195.50133333269696,0.3840000000782311,2097152
buffer,none-8192KiB,32,65536,16384,4096,4,4,6,striped,3.0,3,64,none,0.0,20000.0,10000.0,1.5,8388608,2.4,0.1,0.05,0.2,256,500.0,0,171.92300000000432,316.5886666666556,42.303541666680076,167.82899999998517,38.701666666662504,6.421687829175889,326.5733333333228,64,131072,0.0,0.0,0.0,195.50133333269696,0.3840000000782311,2097152
buffer,ready-64KiB,32,65536,16384,4096,4,4,6,striped,3.0,3,64,ready,0.0,20000.0,10000.0,1.5,65536,2.4,0.1,0.05,0.2,256,500.0,0,180.70633333342266,343.1160000001546,45.5434583333672,176.6123333334035,41.94158333334963,5.918863540145045,354.31666666682577,64,65536,0.03125,0.03125,0.96875,223.24466666619992,0.0,2097152
buffer,ready-256KiB,32,65536,16384,4096,4,4,6,striped,3.0,3,64,ready,0.0,20000.0,10000.0,1.5,262144,2.4,0.1,0.05,0.2,256,500.0,0,137.0199375000227,279.73800000000483,37.63370833334852,132.92593750000356,34.03183333333095,7.213185724636802,290.7386666666753,64,262144,0.125,0.125,0.875,159.66666666604942,43.00800000020536,2097152
buffer,ready-2048KiB,32,65536,16384,4096,4,4,6,striped,3.0,3,64,ready,0.0,20000.0,10000.0,1.5,2097152,2.4,0.1,0.05,0.2,256,500.0,0,70.5840000003227,129.9760000006063,19.345000000089385,66.49000000030355,15.743125000071814,15.641983411825068,134.07200000062585,64,2097152,1.0,1.0,0.0,3.0,0.0,2097152
buffer,ready-8192KiB,32,65536,16384,4096,4,4,6,striped,3.0,3,64,ready,0.0,20000.0,10000.0,1.5,8388608,2.4,0.1,0.05,0.2,256,500.0,0,70.5840000003227,129.9760000006063,19.345000000089385,66.49000000030355,15.743125000071814,15.641983411825068,134.07200000062585,64,2097152,1.0,1.0,0.0,3.0,0.0,2097152
buffer,mixed-64KiB,32,65536,16384,4096,4,4,6,striped,3.0,3,64,mixed,0.0,20000.0,10000.0,1.5,65536,2.4,0.1,0.05,0.2,256,500.0,0,224.19700000010107,386.8946666668344,52.69991666670103,218.41887500008306,47.4139166666846,5.2679642899584165,398.09533333350555,64,65536,0.0234375,0.0234375,0.4765625,267.0233333328797,65.0606666666281,2097152
buffer,mixed-256KiB,32,65536,16384,4096,4,4,6,striped,3.0,3,64,mixed,0.0,20000.0,10000.0,1.5,262144,2.4,0.1,0.05,0.2,256,500.0,0,180.45566666669606,321.66866666667556,46.761208333337095,172.08418750002488,39.1735104166666,6.3040135950811615,332.669333333346,64,262144,0.1171875,0.1171875,0.3828125,201.59733333272015,195.20133333298872,2097152
buffer,mixed-2048KiB,32,65536,16384,4096,4,4,6,striped,3.0,3,64,mixed,0.0,20000.0,10000.0,1.5,2097152,2.4,0.1,0.05,0.2,256,500.0,0,94.15366666668888,166.93866666667236,23.852791666683288,90.05966666666973,20.250916666665717,12.261561009072373,171.03466666669192,64,1179648,0.5,0.5,0.0,39.96266666606607,36.93066666605955,2097152
buffer,mixed-8192KiB,32,65536,16384,4096,4,4,6,striped,3.0,3,64,mixed,0.0,20000.0,10000.0,1.5,8388608,2.4,0.1,0.05,0.2,256,500.0,0,94.15366666668888,166.93866666667236,23.852791666683288,90.05966666666973,20.250916666665717,12.261561009072373,171.03466666669192,64,1179648,0.5,0.5,0.0,39.96266666606607,36.93066666605955,2097152
buffer,late-64KiB,32,65536,16384,4096,4,4,6,striped,3.0,3,64,late,0.0,20000.0,10000.0,1.5,65536,2.4,0.1,0.05,0.2,256,500.0,0,186.38300000008894,348.7926666668209,46.25304166670048,182.2890000000698,42.65116666668291,5.825530102406736,359.99333333349205,64,65536,0.0,0.0,1.0,228.9213333328662,0.0,2097152
buffer,late-256KiB,32,65536,16384,4096,4,4,6,striped,3.0,3,64,late,0.0,20000.0,10000.0,1.5,262144,2.4,0.1,0.05,0.2,256,500.0,0,167.41100000000188,312.07266666665237,41.73954166667977,163.31699999998273,38.1376666666622,6.511896728037838,322.0493333333179,64,131072,0.0,0.0,1.0,190.97733333269207,0.0,2097152
buffer,late-2048KiB,32,65536,16384,4096,4,4,6,striped,3.0,3,64,late,0.0,20000.0,10000.0,1.5,2097152,2.4,0.1,0.05,0.2,256,500.0,0,167.41100000000188,312.07266666665237,41.73954166667977,163.31699999998273,38.1376666666622,6.511896728037838,322.0493333333179,64,131072,0.0,0.0,1.0,190.97733333269207,0.0,2097152
buffer,late-8192KiB,32,65536,16384,4096,4,4,6,striped,3.0,3,64,late,0.0,20000.0,10000.0,1.5,8388608,2.4,0.1,0.05,0.2,256,500.0,0,167.41100000000188,312.07266666665237,41.73954166667977,163.31699999998273,38.1376666666622,6.511896728037838,322.0493333333179,64,131072,0.0,0.0,1.0,190.97733333269207,0.0,2097152
