case,design,scenario,requests,chips,channels,mapping,host_ports,axi_width_bits,axi_clock_mhz,outstanding_per_port,lookup_slots_per_port,lookup_pipelines_per_port,lookup_clock_mhz,lookup_us,power_variant,lookup_voltage_v,throughput_gbps,completion_span_us,host_ceiling_gbps,mean_request_latency_us,p95_request_latency_us,mean_request_service_us,mean_first_data_latency_us,mean_burst_latency_us,peak_outstanding,peak_lookup_active,peak_lookup_queue,buffer_peak_bytes,nand_bytes,ready_hit_at_ar,ready_hit_at_lookup,late_hit_at_ar,mean_lookup_wait_us,max_lookup_wait_us,mean_ar_to_lookup_done_us,r_idle_us,hol_idle_us,used_nand_channels,nand_raw_ceiling_gbps,port_peak_outstanding,port_peak_lookup_active,port_throughput_gbps,sum_port_tail_throughput_gbps,tail_throughput_gbps,lookup_clock_cycles,lookup_clock_enabled_us,lookup_clock_duty,clock_energy_eu,lookup_operation_energy_eu,queue_energy_eu,lookup_leakage_energy_eu,background_energy_eu,axi_energy_eu,nand_energy_eu,measured_nand_bytes,lookup_energy_eu,total_energy_eu,mean_lookup_power_eu_per_us,mean_total_power_eu_per_us,energy_eu_per_byte
ready_O100,fast,ready,128,128,128,global_striped,4,512,1000.0,100,2000,2,1000,0,same_voltage_gated,1.0,255.99999994784594,32.76800000667572,256.0,16.512000003363937,31.232000006362796,0.25600000005215406,16.257000003311987,0.0010000000002037268,8,4,0,8388608,8388608,1.0,1.0,0.0,0.0,0.0,0.0,0.0,0.0,128,307.2,"[2, 2, 2, 2]","[1, 1, 1, 1]","[63.999999986961484, 63.999999986961484, 63.999999986961484, 63.999999986961484]",255.99999994784594,255.99999994784594,131072,131.07200002670288,1.0,668467.2,1048576.0,131072.0,39583.74400806427,6553.600001335144,419430.4,0.0,0,1887698.9440080642,2313682.9440093995,57607.99998850981,70607.9999859021,0.2758125000011205
ready_O100,fast,ready,128,128,128,global_striped,4,512,1000.0,100,2000,2,1000,0,same_voltage_always_on,1.0,255.99999994784594,32.76800000667572,256.0,16.512000003363937,31.232000006362796,0.25600000005215406,16.257000003311987,0.0010000000002037268,8,4,0,8388608,8388608,1.0,1.0,0.0,0.0,0.0,0.0,0.0,0.0,128,307.2,"[2, 2, 2, 2]","[1, 1, 1, 1]","[63.999999986961484, 63.999999986961484, 63.999999986961484, 63.999999986961484]",255.99999994784594,255.99999994784594,131072,131.07200002670288,1.0,668467.2,1048576.0,131072.0,39583.74400806427,6553.600001335144,419430.4,0.0,0,1887698.9440080642,2313682.9440093995,57607.99998850981,70607.9999859021,0.2758125000011205
ready_O100,slow,ready,128,128,128,global_striped,4,512,1000.0,100,500,2,500.0,0.5,same_voltage_gated,1.0,50.92554166691569,164.7230000000127,256.0,83.18282812501033,157.15700000000652,1.768320312500606,81.91650000000965,0.5019999694824185,400,400,4,8388608,8388608,1.0,1.0,0.0,0.00050997924294649,0.0010000000002037268,0.5005099792429465,527.8199999733479,0.0,128,307.2,"[100, 100, 100, 100]","[100, 100, 100, 100]","[12.731385416728923, 12.731385416728923, 12.731385416728923, 12.731385416728923]",50.95616678005982,50.95616678005982,329444,658.8880000000063,0.9999939292022904,691832.4,1048576.0,131072.0,100151.58400000772,32944.60000000254,419430.4,0.0,0,1971631.9840000076,2424006.98400001,11969.378799559598,14715.655882905381,0.28896415042877316
ready_O100,slow,ready,128,128,128,global_striped,4,512,1000.0,100,500,2,500.0,0.5,same_voltage_always_on,1.0,50.92554166691569,164.7230000000127,256.0,83.18282812501033,157.15700000000652,1.768320312500606,81.91650000000965,0.5019999694824185,400,400,4,8388608,8388608,1.0,1.0,0.0,0.00050997924294649,0.0010000000002037268,0.5005099792429465,527.8199999733479,0.0,128,307.2,"[100, 100, 100, 100]","[100, 100, 100, 100]","[12.731385416728923, 12.731385416728923, 12.731385416728923, 12.731385416728923]",50.95616678005982,50.95616678005982,329448,658.8920000000508,1.0,691840.8,1048576.0,131072.0,100151.58400000772,32944.60000000254,419430.4,0.0,0,1971640.3840000078,2424015.3840000103,11969.429794259793,14715.706877605578,0.28896515178680543
ready_O100,slow,ready,128,128,128,global_striped,4,512,1000.0,100,500,2,500.0,0.5,lower_voltage_gated,0.8,50.92554166691569,164.7230000000127,256.0,83.18282812501033,157.15700000000652,1.768320312500606,81.91650000000965,0.5019999694824185,400,400,4,8388608,8388608,1.0,1.0,0.0,0.00050997924294649,0.0010000000002037268,0.5005099792429465,527.8199999733479,0.0,128,307.2,"[100, 100, 100, 100]","[100, 100, 100, 100]","[12.731385416728923, 12.731385416728923, 12.731385416728923, 12.731385416728923]",50.95616678005982,50.95616678005982,329444,658.8880000000063,0.9999939292022904,442772.7360000001,671088.6400000001,83886.08000000002,100151.58400000772,32944.60000000254,419430.4,0.0,0,1297899.040000008,1750274.0400000103,7879.282431718145,10625.559515063927,0.2086489248275769
ready_O501,fast,ready,128,128,128,global_striped,4,512,1000.0,501,2000,2,1000,0,same_voltage_gated,1.0,255.99999994784594,32.76800000667572,256.0,16.512000003363937,31.232000006362796,0.25600000005215406,16.257000003311987,0.0010000000002037268,8,4,0,8388608,8388608,1.0,1.0,0.0,0.0,0.0,0.0,0.0,0.0,128,307.2,"[2, 2, 2, 2]","[1, 1, 1, 1]","[63.999999986961484, 63.999999986961484, 63.999999986961484, 63.999999986961484]",255.99999994784594,255.99999994784594,131072,131.07200002670288,1.0,668467.2,1048576.0,131072.0,39583.74400806427,6553.600001335144,419430.4,0.0,0,1887698.9440080642,2313682.9440093995,57607.99998850981,70607.9999859021,0.2758125000011205
ready_O501,fast,ready,128,128,128,global_striped,4,512,1000.0,501,2000,2,1000,0,same_voltage_always_on,1.0,255.99999994784594,32.76800000667572,256.0,16.512000003363937,31.232000006362796,0.25600000005215406,16.257000003311987,0.0010000000002037268,8,4,0,8388608,8388608,1.0,1.0,0.0,0.0,0.0,0.0,0.0,0.0,128,307.2,"[2, 2, 2, 2]","[1, 1, 1, 1]","[63.999999986961484, 63.999999986961484, 63.999999986961484, 63.999999986961484]",255.99999994784594,255.99999994784594,131072,131.07200002670288,1.0,668467.2,1048576.0,131072.0,39583.74400806427,6553.600001335144,419430.4,0.0,0,1887698.9440080642,2313682.9440093995,57607.99998850981,70607.9999859021,0.2758125000011205
ready_O501,slow,ready,128,128,128,global_striped,4,512,1000.0,501,500,2,500.0,0.5,same_voltage_gated,1.0,251.65320693553983,33.33400000004258,256.0,17.045468750049878,31.795000000034634,0.7575078125001369,16.78995312504975,0.50199996948244,2004,2000,4,8388608,8388608,1.0,1.0,0.0,0.0005009765369189401,0.0010000000002037268,0.5005009765369189,2.2639999734674348,0.0,128,307.2,"[501, 501, 501, 501]","[500, 500, 500, 500]","[62.91330173388496, 62.91330173388496, 62.91330173388496, 62.91330173388496]",255.4854114641596,255.4854114641596,66664,133.32799999999406,0.9999400011986542,139994.4,1048576.0,131072.0,20267.072000025888,6666.800000008516,419430.4,0.0,0,1339909.4720000257,1766006.6720000342,40196.480230344816,52979.14057712181,0.21052440071106365
ready_O501,slow,ready,128,128,128,global_striped,4,512,1000.0,501,500,2,500.0,0.5,same_voltage_always_on,1.0,251.65320693553983,33.33400000004258,256.0,17.045468750049878,31.795000000034634,0.7575078125001369,16.78995312504975,0.50199996948244,2004,2000,4,8388608,8388608,1.0,1.0,0.0,0.0005009765369189401,0.0010000000002037268,0.5005009765369189,2.2639999734674348,0.0,128,307.2,"[501, 501, 501, 501]","[500, 500, 500, 500]","[62.91330173388496, 62.91330173388496, 62.91330173388496, 62.91330173388496]",255.4854114641596,255.4854114641596,66668,133.33600000017032,1.0,140002.80000000002,1048576.0,131072.0,20267.072000025888,6666.800000008516,419430.4,0.0,0,1339917.872000026,1766015.0720000346,40196.73222530493,52979.392572081924,0.21052540206909592
ready_O501,slow,ready,128,128,128,global_striped,4,512,1000.0,501,500,2,500.0,0.5,lower_voltage_gated,0.8,251.65320693553983,33.33400000004258,256.0,17.045468750049878,31.795000000034634,0.7575078125001369,16.78995312504975,0.50199996948244,2004,2000,4,8388608,8388608,1.0,1.0,0.0,0.0005009765369189401,0.0010000000002037268,0.5005009765369189,2.2639999734674348,0.0,128,307.2,"[501, 501, 501, 501]","[500, 500, 500, 500]","[62.91330173388496, 62.91330173388496, 62.91330173388496, 62.91330173388496]",255.4854114641596,255.4854114641596,66664,133.32799999999406,0.9999400011986542,89596.41600000001,671088.6400000001,83886.08000000002,20267.072000025888,6666.800000008516,419430.4,0.0,0,864838.2080000261,1290935.4080000347,25944.627347420694,38727.28769419769,0.15389149284363207
ready_O502,fast,ready,128,128,128,global_striped,4,512,1000.0,502,2000,2,1000,0,same_voltage_gated,1.0,255.99999994784594,32.76800000667572,256.0,16.512000003363937,31.232000006362796,0.25600000005215406,16.257000003311987,0.0010000000002037268,8,4,0,8388608,8388608,1.0,1.0,0.0,0.0,0.0,0.0,0.0,0.0,128,307.2,"[2, 2, 2, 2]","[1, 1, 1, 1]","[63.999999986961484, 63.999999986961484, 63.999999986961484, 63.999999986961484]",255.99999994784594,255.99999994784594,131072,131.07200002670288,1.0,668467.2,1048576.0,131072.0,39583.74400806427,6553.600001335144,419430.4,0.0,0,1887698.9440080642,2313682.9440093995,57607.99998850981,70607.9999859021,0.2758125000011205
ready_O502,fast,ready,128,128,128,global_striped,4,512,1000.0,502,2000,2,1000,0,same_voltage_always_on,1.0,255.99999994784594,32.76800000667572,256.0,16.512000003363937,31.232000006362796,0.25600000005215406,16.257000003311987,0.0010000000002037268,8,4,0,8388608,8388608,1.0,1.0,0.0,0.0,0.0,0.0,0.0,0.0,128,307.2,"[2, 2, 2, 2]","[1, 1, 1, 1]","[63.999999986961484, 63.999999986961484, 63.999999986961484, 63.999999986961484]",255.99999994784594,255.99999994784594,131072,131.07200002670288,1.0,668467.2,1048576.0,131072.0,39583.74400806427,6553.600001335144,419430.4,0.0,0,1887698.9440080642,2313682.9440093995,57607.99998850981,70607.9999859021,0.2758125000011205
ready_O502,slow,ready,128,128,128,global_striped,4,512,1000.0,502,500,2,500.0,0.5,same_voltage_gated,1.0,252.14487956706543,33.269000006675924,256.0,17.01300000336414,31.733000006363,0.7570000000523578,16.75799219081219,0.5019999694828293,2008,2000,4,8388608,8388608,1.0,1.0,0.0,0.0004999983310699507,0.0010000000002037268,0.50049999833107,2.004000000000815,0.0,128,307.2,"[502, 502, 502, 502]","[500, 500, 500, 500]","[63.03621989176636, 63.03621989176636, 63.03621989176636, 63.03621989176636]",255.99999994784594,255.99999994784594,66536,133.07200000000012,0.9999699417873789,139725.6,1048576.0,131072.0,20227.55200405896,6653.800001335185,419430.4,0.0,0,1339601.152004059,1765685.3520053942,40265.747444625566,53072.991422978834,0.21048609638278415
ready_O502,slow,ready,128,128,128,global_striped,4,512,1000.0,502,500,2,500.0,0.5,same_voltage_always_on,1.0,252.14487956706543,33.269000006675924,256.0,17.01300000336414,31.733000006363,0.7570000000523578,16.75799219081219,0.5019999694828293,2008,2000,4,8388608,8388608,1.0,1.0,0.0,0.0004999983310699507,0.0010000000002037268,0.50049999833107,2.004000000000815,0.0,128,307.2,"[502, 502, 502, 502]","[500, 500, 500, 500]","[63.03621989176636, 63.03621989176636, 63.03621989176636, 63.03621989176636]",255.99999994784594,255.99999994784594,66540,133.0760000267037,1.0,139734.0,1048576.0,131072.0,20227.55200405896,6653.800001335185,419430.4,0.0,0,1339609.5520040588,1765693.752005394,40265.999931926,53073.24391027927,0.21048709774081636
ready_O502,slow,ready,128,128,128,global_striped,4,512,1000.0,502,500,2,500.0,0.5,lower_voltage_gated,0.8,252.14487956706543,33.269000006675924,256.0,17.01300000336414,31.733000006363,0.7570000000523578,16.75799219081219,0.5019999694828293,2008,2000,4,8388608,8388608,1.0,1.0,0.0,0.0004999983310699507,0.0010000000002037268,0.50049999833107,2.004000000000815,0.0,128,307.2,"[502, 502, 502, 502]","[500, 500, 500, 500]","[63.03621989176636, 63.03621989176636, 63.03621989176636, 63.03621989176636]",255.99999994784594,255.99999994784594,66536,133.07200000000012,0.9999699417873789,89424.38400000002,671088.6400000001,83886.08000000002,20227.55200405896,6653.800001335185,419430.4,0.0,0,864626.6560040592,1290710.8560053944,25988.95836456037,38796.20234291364,0.15386472415988378
ready_O10000,fast,ready,128,128,128,global_striped,4,512,1000.0,10000,2000,2,1000,0,same_voltage_gated,1.0,255.99999994784594,32.76800000667572,256.0,16.512000003363937,31.232000006362796,0.25600000005215406,16.257000003311987,0.0010000000002037268,8,4,0,8388608,8388608,1.0,1.0,0.0,0.0,0.0,0.0,0.0,0.0,128,307.2,"[2, 2, 2, 2]","[1, 1, 1, 1]","[63.999999986961484, 63.999999986961484, 63.999999986961484, 63.999999986961484]",255.99999994784594,255.99999994784594,131072,131.07200002670288,1.0,668467.2,1048576.0,131072.0,39583.74400806427,6553.600001335144,419430.4,0.0,0,1887698.9440080642,2313682.9440093995,57607.99998850981,70607.9999859021,0.2758125000011205
ready_O10000,fast,ready,128,128,128,global_striped,4,512,1000.0,10000,2000,2,1000,0,same_voltage_always_on,1.0,255.99999994784594,32.76800000667572,256.0,16.512000003363937,31.232000006362796,0.25600000005215406,16.257000003311987,0.0010000000002037268,8,4,0,8388608,8388608,1.0,1.0,0.0,0.0,0.0,0.0,0.0,0.0,128,307.2,"[2, 2, 2, 2]","[1, 1, 1, 1]","[63.999999986961484, 63.999999986961484, 63.999999986961484, 63.999999986961484]",255.99999994784594,255.99999994784594,131072,131.07200002670288,1.0,668467.2,1048576.0,131072.0,39583.74400806427,6553.600001335144,419430.4,0.0,0,1887698.9440080642,2313682.9440093995,57607.99998850981,70607.9999859021,0.2758125000011205
ready_O10000,slow,ready,128,128,128,global_striped,4,512,1000.0,10000,500,2,500.0,0.5,same_voltage_gated,1.0,252.14487956706543,33.269000006675924,256.0,17.01300000336414,31.733000006363,0.7570000000523578,16.75799219081219,0.5019999694828293,2008,2000,4,8388608,8388608,1.0,1.0,0.0,0.0004999983310699507,0.0010000000002037268,0.50049999833107,2.004000000000815,0.0,128,307.2,"[502, 502, 502, 502]","[500, 500, 500, 500]","[63.03621989176636, 63.03621989176636, 63.03621989176636, 63.03621989176636]",255.99999994784594,255.99999994784594,66536,133.07200000000012,0.9999699417873789,139725.6,1048576.0,131072.0,20227.55200405896,6653.800001335185,419430.4,0.0,0,1339601.152004059,1765685.3520053942,40265.747444625566,53072.991422978834,0.21048609638278415
ready_O10000,slow,ready,128,128,128,global_striped,4,512,1000.0,10000,500,2,500.0,0.5,same_voltage_always_on,1.0,252.14487956706543,33.269000006675924,256.0,17.01300000336414,31.733000006363,0.7570000000523578,16.75799219081219,0.5019999694828293,2008,2000,4,8388608,8388608,1.0,1.0,0.0,0.0004999983310699507,0.0010000000002037268,0.50049999833107,2.004000000000815,0.0,128,307.2,"[502, 502, 502, 502]","[500, 500, 500, 500]","[63.03621989176636, 63.03621989176636, 63.03621989176636, 63.03621989176636]",255.99999994784594,255.99999994784594,66540,133.0760000267037,1.0,139734.0,1048576.0,131072.0,20227.55200405896,6653.800001335185,419430.4,0.0,0,1339609.5520040588,1765693.752005394,40265.999931926,53073.24391027927,0.21048709774081636
ready_O10000,slow,ready,128,128,128,global_striped,4,512,1000.0,10000,500,2,500.0,0.5,lower_voltage_gated,0.8,252.14487956706543,33.269000006675924,256.0,17.01300000336414,31.733000006363,0.7570000000523578,16.75799219081219,0.5019999694828293,2008,2000,4,8388608,8388608,1.0,1.0,0.0,0.0004999983310699507,0.0010000000002037268,0.50049999833107,2.004000000000815,0.0,128,307.2,"[502, 502, 502, 502]","[500, 500, 500, 500]","[63.03621989176636, 63.03621989176636, 63.03621989176636, 63.03621989176636]",255.99999994784594,255.99999994784594,66536,133.07200000000012,0.9999699417873789,89424.38400000002,671088.6400000001,83886.08000000002,20227.55200405896,6653.800001335185,419430.4,0.0,0,864626.6560040592,1290710.8560053944,25988.95836456037,38796.20234291364,0.15386472415988378
nand_4ch,fast,none,128,4,4,global_striped,4,512,1000.0,10000,2000,2,1000,0,same_voltage_gated,1.0,9.501743596867886,882.84933333343,256.0,446.1810000000751,841.5893333334279,232.4302421871965,445.9260000000231,227.91345263641162,40000,4,4,458752,8388608,0.0,0.0,0.0,0.00023144529284380155,0.0006666666631645057,0.00023144529284380155,3400.325333307017,0.0,4,9.6,"[10000, 10000, 10000, 10000]","[1, 1, 1, 1]","[2.3754358992169715, 2.3754358992169715, 2.3754358992169715, 2.3754358992169715]",9.530198739698998,9.530198739698998,131072,131.07200001637102,0.03711618592990103,668467.2,1048576.0,131072.0,1066481.9946667834,176569.866666686,419430.4,4194304.0,8388608,2914597.1946667833,7704901.461333469,3301.352886184956,8727.311864462292,0.918495829264339
nand_4ch,fast,none,128,4,4,global_striped,4,512,1000.0,10000,2000,2,1000,0,same_voltage_always_on,1.0,9.501743596867886,882.84933333343,256.0,446.1810000000751,841.5893333334279,232.4302421871965,445.9260000000231,227.91345263641162,40000,4,4,458752,8388608,0.0,0.0,0.0,0.00023144529284380155,0.0006666666631645057,0.00023144529284380155,3400.325333307017,0.0,4,9.6,"[10000, 10000, 10000, 10000]","[1, 1, 1, 1]","[2.3754358992169715, 2.3754358992169715, 2.3754358992169715, 2.3754358992169715]",9.530198739698998,9.530198739698998,3531400,3531.39733333372,1.0,18010140.0,1048576.0,131072.0,1066481.9946667834,176569.866666686,419430.4,4194304.0,8388608,20256269.994666785,25046574.26133347,22944.198097974324,28370.15707625166,2.9857843233744465
nand_4ch,slow,none,128,4,4,global_striped,4,512,1000.0,10000,500,2,500.0,0.5,same_voltage_gated,1.0,9.49636534885302,883.34933333343,256.0,446.6810000000751,842.0893333334279,232.5903984371965,446.4260000000231,228.06994677703662,40000,2000,8,458752,8388608,0.0,0.0,0.0,0.0007314451245524767,0.0016666666633682325,0.5007314451245525,3402.325333307017,0.0,4,9.6,"[10000, 10000, 10000, 10000]","[500, 500, 500, 500]","[2.374091337213255, 2.374091337213255, 2.374091337213255, 2.374091337213255]",9.530198739698998,9.530198739698998,154300,308.6000000000058,0.08733804066944412,324030.0,1048576.0,131072.0,537076.3946667254,176669.866666686,419430.4,4194304.0,8388608,2040754.3946667253,6831158.661333411,2310.246147994114,7733.247089863275,0.8143375708262218
nand_4ch,slow,none,128,4,4,global_striped,4,512,1000.0,10000,500,2,500.0,0.5,same_voltage_always_on,1.0,9.49636534885302,883.34933333343,256.0,446.6810000000751,842.0893333334279,232.5903984371965,446.4260000000231,228.06994677703662,40000,2000,8,458752,8388608,0.0,0.0,0.0,0.0007314451245524767,0.0016666666633682325,0.5007314451245525,3402.325333307017,0.0,4,9.6,"[10000, 10000, 10000, 10000]","[500, 500, 500, 500]","[2.374091337213255, 2.374091337213255, 2.374091337213255, 2.374091337213255]",9.530198739698998,9.530198739698998,1766700,3533.39733333372,1.0,3710070.0,1048576.0,131072.0,537076.3946667254,176669.866666686,419430.4,4194304.0,8388608,5426794.394666726,10217198.661333412,6143.429546935903,11566.430488805065,1.2179849936167493
nand_4ch,slow,none,128,4,4,global_striped,4,512,1000.0,10000,500,2,500.0,0.5,lower_voltage_gated,0.8,9.49636534885302,883.34933333343,256.0,446.6810000000751,842.0893333334279,232.5903984371965,446.4260000000231,228.06994677703662,40000,2000,8,458752,8388608,0.0,0.0,0.0,0.0007314451245524767,0.0016666666633682325,0.5007314451245525,3402.325333307017,0.0,4,9.6,"[10000, 10000, 10000, 10000]","[500, 500, 500, 500]","[2.374091337213255, 2.374091337213255, 2.374091337213255, 2.374091337213255]",9.530198739698998,9.530198739698998,154300,308.6000000000058,0.08733804066944412,207379.20000000004,671088.6400000001,83886.08000000002,537076.3946667254,176669.866666686,419430.4,4194304.0,8388608,1499430.3146667257,6289834.581333412,1697.4375347162334,7120.438476585395,0.7498067118326917
nand_32ch,fast,none,128,32,32,global_striped,4,512,1000.0,10000,2000,2,1000,0,same_voltage_gated,1.0,73.29197003735639,114.45466666709035,256.0,61.983666666905265,112.91866666677743,29.593083332965534,61.728666666853314,28.95449202436833,40000,4,4,2588672,8388608,0.0,0.0,0.0,0.0002291665739091453,0.0006666666631645057,0.0002291665739091453,326.7466666416585,0.0,32,76.8,"[10000, 10000, 10000, 10000]","[1, 1, 1, 1]","[18.322992509339098, 18.322992509339098, 18.322992509339098, 18.322992509339098]",76.24158991759198,76.24158991759198,131072,131.07200001509045,0.28629675799138504,668467.2,1048576.0,131072.0,138261.23733384514,22890.93333341807,419430.4,4194304.0,8388608,1986376.437333845,6623001.770667263,17355.13714885508,57865.720669401104,0.7895233357748107
nand_32ch,fast,none,128,32,32,global_striped,4,512,1000.0,10000,2000,2,1000,0,same_voltage_always_on,1.0,73.29197003735639,114.45466666709035,256.0,61.983666666905265,112.91866666677743,29.593083332965534,61.728666666853314,28.95449202436833,40000,4,4,2588672,8388608,0.0,0.0,0.0,0.0002291665739091453,0.0006666666631645057,0.0002291665739091453,326.7466666416585,0.0,32,76.8,"[10000, 10000, 10000, 10000]","[1, 1, 1, 1]","[18.322992509339098, 18.322992509339098, 18.322992509339098, 18.322992509339098]",76.24158991759198,76.24158991759198,457820,457.8186666683614,1.0,2334882.0,1048576.0,131072.0,138261.23733384514,22890.93333341807,419430.4,4194304.0,8388608,3652791.2373338453,8289416.570667263,31914.74269859674,72425.32621914275,0.9881754601797179
nand_32ch,slow,none,128,32,32,global_striped,4,512,1000.0,10000,500,2,500.0,0.5,same_voltage_gated,1.0,72.97318363153951,114.95466666709035,256.0,62.483666666905265,113.41866666677743,29.780583332965534,62.228666666853314,29.13832991499333,40000,2000,8,2572288,8388608,0.0,0.0,0.0,0.000729166328341524,0.0016666666633682325,0.5007291663283415,328.7466666416585,0.0,32,76.8,"[10000, 10000, 10000, 10000]","[500, 500, 500, 500]","[18.243295907884878, 18.243295907884878, 18.243295907884878, 18.243295907884878]",76.24158991759198,76.24158991759198,77504,155.00800000000163,0.33710680152052036,162758.4,1048576.0,131072.0,69892.43733359093,22990.93333341807,419430.4,4194304.0,8388608,1412298.8373335907,6049024.170667009,12285.702514571414,52620.95351191816,0.7210998738607179
nand_32ch,slow,none,128,32,32,global_striped,4,512,1000.0,10000,500,2,500.0,0.5,same_voltage_always_on,1.0,72.97318363153951,114.95466666709035,256.0,62.483666666905265,113.41866666677743,29.780583332965534,62.228666666853314,29.13832991499333,40000,2000,8,2572288,8388608,0.0,0.0,0.0,0.000729166328341524,0.0016666666633682325,0.5007291663283415,328.7466666416585,0.0,32,76.8,"[10000, 10000, 10000, 10000]","[500, 500, 500, 500]","[18.243295907884878, 18.243295907884878, 18.243295907884878, 18.243295907884878]",76.24158991759198,76.24158991759198,229912,459.8186666683614,1.0,482815.2,1048576.0,131072.0,69892.43733359093,22990.93333341807,419430.4,4194304.0,8388608,1732355.637333591,6369080.970667009,15069.902663025478,55405.15366037222,0.7592536176046144
nand_32ch,slow,none,128,32,32,global_striped,4,512,1000.0,10000,500,2,500.0,0.5,lower_voltage_gated,0.8,72.97318363153951,114.95466666709035,256.0,62.483666666905265,113.41866666677743,29.780583332965534,62.228666666853314,29.13832991499333,40000,2000,8,2572288,8388608,0.0,0.0,0.0,0.000729166328341524,0.0016666666633682325,0.5007291663283415,328.7466666416585,0.0,32,76.8,"[10000, 10000, 10000, 10000]","[500, 500, 500, 500]","[18.243295907884878, 18.243295907884878, 18.243295907884878, 18.243295907884878]",76.24158991759198,76.24158991759198,77504,155.00800000000163,0.33710680152052036,104165.37600000002,671088.6400000001,83886.08000000002,69892.43733359093,22990.93333341807,419430.4,4194304.0,8388608,929032.5333335911,5565757.866667009,8081.729609325708,48416.98060667245,0.663490041097046
nand_64ch,fast,none,128,64,64,global_striped,4,512,1000.0,10000,2000,2,1000,0,same_voltage_gated,1.0,136.4237916584825,61.48933333417153,256.0,35.501000000445856,59.95333333385861,15.317770832915812,35.246000000393906,14.966376789940568,40000,4,4,2588672,8388608,0.0,0.0,0.0,0.0002083331759837881,0.0006666666631645057,0.0002083331759837881,114.88533330998325,0.0,64,153.6,"[10000, 10000, 10000, 10000]","[1, 1, 1, 1]","[34.10594791462062, 34.10594791462062, 34.10594791462062, 34.10594791462062]",152.48317983518396,152.48317983518396,131072,131.07200001673482,0.5329054362339868,668467.2,1048576.0,131072.0,74279.11466767921,12297.866666834307,419430.4,4194304.0,8388608,1922394.3146676791,6548426.581334514,31263.86659975942,106496.9520119248,0.7806332804363386
nand_64ch,fast,none,128,64,64,global_striped,4,512,1000.0,10000,2000,2,1000,0,same_voltage_always_on,1.0,136.4237916584825,61.48933333417153,256.0,35.501000000445856,59.95333333385861,15.317770832915812,35.246000000393906,14.966376789940568,40000,4,4,2588672,8388608,0.0,0.0,0.0,0.0002083331759837881,0.0006666666631645057,0.0002083331759837881,114.88533330998325,0.0,64,153.6,"[10000, 10000, 10000, 10000]","[1, 1, 1, 1]","[34.10594791462062, 34.10594791462062, 34.10594791462062, 34.10594791462062]",152.48317983518396,152.48317983518396,245960,245.95733333668613,1.0,1254396.0,1048576.0,131072.0,74279.11466767921,12297.866666834307,419430.4,4194304.0,8388608,2508323.114667679,7134355.381334513,40792.81687826864,116025.90229043401,0.8504814364116804
nand_64ch,slow,none,128,64,64,global_striped,4,512,1000.0,10000,500,2,500.0,0.5,same_voltage_gated,1.0,135.32341047739243,61.98933333417153,256.0,36.001000000445856,60.45333333385861,15.536520832915812,35.746000000393906,15.181464680565568,40000,2000,8,2572288,8388608,0.0,0.0,0.0,0.0007083328326984439,0.0016666666633682325,0.5007083328326984,116.88533330998325,0.0,64,153.6,"[10000, 10000, 10000, 10000]","[500, 500, 500, 500]","[33.83085261934811, 33.83085261934811, 33.83085261934811, 33.83085261934811]",152.48317983518396,152.48317983518396,71520,143.0400000000227,0.5768734405842211,150192.0,1048576.0,131072.0,37689.51466717629,12397.866666834307,419430.4,4194304.0,8388608,1367529.5146671762,5993661.781334011,22060.72304883665,96688.5988114025,0.7145001627604974
nand_64ch,slow,none,128,64,64,global_striped,4,512,1000.0,10000,500,2,500.0,0.5,same_voltage_always_on,1.0,135.32341047739243,61.98933333417153,256.0,36.001000000445856,60.45333333385861,15.536520832915812,35.746000000393906,15.181464680565568,40000,2000,8,2572288,8388608,0.0,0.0,0.0,0.0007083328326984439,0.0016666666633682325,0.5007083328326984,116.88533330998325,0.0,64,153.6,"[10000, 10000, 10000, 10000]","[500, 500, 500, 500]","[33.83085261934811, 33.83085261934811, 33.83085261934811, 33.83085261934811]",152.48317983518396,152.48317983518396,123980,247.95733333668613,1.0,260358.0,1048576.0,131072.0,37689.51466717629,12397.866666834307,419430.4,4194304.0,8388608,1477695.5146671762,6103827.781334011,23837.899767387862,98465.77552995371,0.7276329733531488
nand_64ch,slow,none,128,64,64,global_striped,4,512,1000.0,10000,500,2,500.0,0.5,lower_voltage_gated,0.8,135.32341047739243,61.98933333417153,256.0,36.001000000445856,60.45333333385861,15.536520832915812,35.746000000393906,15.181464680565568,40000,2000,8,2572288,8388608,0.0,0.0,0.0,0.0007083328326984439,0.0016666666633682325,0.5007083328326984,116.88533330998325,0.0,64,153.6,"[10000, 10000, 10000, 10000]","[500, 500, 500, 500]","[33.83085261934811, 33.83085261934811, 33.83085261934811, 33.83085261934811]",152.48317983518396,152.48317983518396,71520,143.0400000000227,0.5768734405842211,96122.88000000002,671088.6400000001,83886.08000000002,37689.51466717629,12397.866666834307,419430.4,4194304.0,8388608,888787.1146671764,5514919.3813340105,14337.74275125546,88965.61851382129,0.6574296213786615
nand_107ch,fast,none,128,107,107,global_striped,4,512,1000.0,10000,2000,2,1000,0,same_voltage_gated,1.0,199.06836051309386,42.139333334431285,256.0,25.823760417351366,40.60333333411836,9.567760414039583,25.568088542332106,9.312424476503978,37376,4,0,2408448,8388608,0.0,0.0,0.0,0.0,0.0,0.0,37.48533331102226,0.0,107,256.8,"[9344, 9344, 9344, 9344]","[1, 1, 1, 1]","[49.767090128273466, 49.767090128273466, 49.767090128273466, 49.767090128273466]",255.10729055997842,255.10729055997842,131072,131.07200002670288,0.777610783412693,668467.2,1048576.0,131072.0,50904.31466799299,8427.866666886257,419430.4,4194304.0,8388608,1899019.514667993,6521181.781334879,45065.24817554099,154752.8464577426,0.777385447184429
nand_107ch,fast,none,128,107,107,global_striped,4,512,1000.0,10000,2000,2,1000,0,same_voltage_always_on,1.0,199.06836051309386,42.139333334431285,256.0,25.823760417351366,40.60333333411836,9.567760414039583,25.568088542332106,9.312424476503978,37376,4,0,2408448,8388608,0.0,0.0,0.0,0.0,0.0,0.0,37.48533331102226,0.0,107,256.8,"[9344, 9344, 9344, 9344]","[1, 1, 1, 1]","[49.767090128273466, 49.767090128273466, 49.767090128273466, 49.767090128273466]",255.10729055997842,255.10729055997842,168560,168.55733333772514,1.0,859655.9999999999,1048576.0,131072.0,50904.31466799299,8427.866666886257,419430.4,4194304.0,8388608,2090208.314667993,6712370.58133488,49602.310935472764,159289.9092176744,0.8001769282024955
nand_107ch,slow,none,128,107,107,global_striped,4,512,1000.0,10000,500,2,500.0,0.5,same_voltage_gated,1.0,196.73403273465806,42.639333334431285,256.0,26.323760417351366,41.10333333411836,10.067760414039583,26.068088542332106,9.812424476503978,39376,2000,4,2408448,8388608,0.0,0.0,0.0,0.0004999983310699507,0.0010000000002037268,0.50049999833107,39.48533331102226,0.0,107,256.8,"[9844, 9844, 9844, 9844]","[500, 500, 500, 500]","[49.183508183664514, 49.183508183664514, 49.183508183664514, 49.183508183664514]",255.10729055997842,255.10729055997842,66536,133.07200000000012,0.780218577506138,139725.6,1048576.0,131072.0,25924.71466733422,8527.866666886257,419430.4,4194304.0,8388608,1345298.3146673343,5967560.58133422,31550.641378837066,139954.35938289898,0.7113886572520995
nand_107ch,slow,none,128,107,107,global_striped,4,512,1000.0,10000,500,2,500.0,0.5,same_voltage_always_on,1.0,196.73403273465806,42.639333334431285,256.0,26.323760417351366,41.10333333411836,10.067760414039583,26.068088542332106,9.812424476503978,39376,2000,4,2408448,8388608,0.0,0.0,0.0,0.0004999983310699507,0.0010000000002037268,0.50049999833107,39.48533331102226,0.0,107,256.8,"[9844, 9844, 9844, 9844]","[500, 500, 500, 500]","[49.183508183664514, 49.183508183664514, 49.183508183664514, 49.183508183664514]",255.10729055997842,255.10729055997842,85280,170.55733333772514,1.0,179088.0,1048576.0,131072.0,25924.71466733422,8527.866666886257,419430.4,4194304.0,8388608,1384660.7146673342,6006922.981334221,32473.789020271102,140877.50702433303,0.7160810209911133
nand_107ch,slow,none,128,107,107,global_striped,4,512,1000.0,10000,500,2,500.0,0.5,lower_voltage_gated,0.8,196.73403273465806,42.639333334431285,256.0,26.323760417351366,41.10333333411836,10.067760414039583,26.068088542332106,9.812424476503978,39376,2000,4,2408448,8388608,0.0,0.0,0.0,0.0004999983310699507,0.0010000000002037268,0.50049999833107,39.48533331102226,0.0,107,256.8,"[9844, 9844, 9844, 9844]","[500, 500, 500, 500]","[49.183508183664514, 49.183508183664514, 49.183508183664514, 49.183508183664514]",255.10729055997842,255.10729055997842,66536,133.07200000000012,0.780218577506138,89424.38400000002,671088.6400000001,83886.08000000002,25924.71466733422,8527.866666886257,419430.4,4194304.0,8388608,870323.8186673345,5492586.085334221,20411.290482455726,128815.00848651765,0.6547672850291992
nand_128ch,fast,none,128,128,128,global_striped,4,512,1000.0,10000,2000,2,1000,0,same_voltage_gated,1.0,199.61152970478872,42.024666673343745,256.0,25.768666670031962,40.48866667303082,9.512666666720179,25.51366666998001,9.257666666668229,37032,4,0,2392064,8388608,0.0,0.0,0.0,0.0,0.0,0.0,37.0266666666721,0.0,128,307.2,"[9258, 9258, 9258, 9258]","[1, 1, 1, 1]","[49.90288242619718, 49.90288242619718, 49.90288242619718, 49.90288242619718]",255.99999994784594,255.99999994784594,131072,131.07200002670288,0.7797325380681834,668467.2,1048576.0,131072.0,50765.797341399244,8404.933334668749,419430.4,4194304.0,8388608,1898880.997341399,6521020.330676068,45184.91513808626,155171.25647572006,0.7773662007660946
nand_128ch,fast,none,128,128,128,global_striped,4,512,1000.0,10000,2000,2,1000,0,same_voltage_always_on,1.0,199.61152970478872,42.024666673343745,256.0,25.768666670031962,40.48866667303082,9.512666666720179,25.51366666998001,9.257666666668229,37032,4,0,2392064,8388608,0.0,0.0,0.0,0.0,0.0,0.0,37.0266666666721,0.0,128,307.2,"[9258, 9258, 9258, 9258]","[1, 1, 1, 1]","[49.90288242619718, 49.90288242619718, 49.90288242619718, 49.90288242619718]",255.99999994784594,255.99999994784594,168100,168.09866669337498,1.0,857309.9999999999,1048576.0,131072.0,50765.797341399244,8404.933334668749,419430.4,4194304.0,8388608,2087723.7973413994,6709863.130676068,49678.533171225434,159664.87450885924,0.799878016790875
nand_128ch,slow,none,128,128,128,global_striped,4,512,1000.0,10000,500,2,500.0,0.5,same_voltage_gated,1.0,197.26452095292572,42.524666673343745,256.0,26.268666670031962,40.98866667303082,10.012666666720179,26.01366666998001,9.757666666668229,39032,2000,4,2392064,8388608,0.0,0.0,0.0,0.0004999983310699507,0.0010000000002037268,0.50049999833107,39.0266666666721,0.0,128,307.2,"[9758, 9758, 9758, 9758]","[500, 500, 500, 500]","[49.31613023823143, 49.31613023823143, 49.31613023823143, 49.31613023823143]",255.99999994784594,255.99999994784594,66536,133.07200000000012,0.7823224166705536,139725.6,1048576.0,131072.0,25854.997337392997,8504.933334668749,419430.4,4194304.0,8388608,1345228.597337393,5967467.930672062,31634.077409021505,140329.56393313064,0.7113776124324872
nand_128ch,slow,none,128,128,128,global_striped,4,512,1000.0,10000,500,2,500.0,0.5,same_voltage_always_on,1.0,197.26452095292572,42.524666673343745,256.0,26.268666670031962,40.98866667303082,10.012666666720179,26.01366666998001,9.757666666668229,39032,2000,4,2392064,8388608,0.0,0.0,0.0,0.0004999983310699507,0.0010000000002037268,0.50049999833107,39.0266666666721,0.0,128,307.2,"[9758, 9758, 9758, 9758]","[500, 500, 500, 500]","[49.31613023823143, 49.31613023823143, 49.31613023823143, 49.31613023823143]",255.99999994784594,255.99999994784594,85052,170.09866669337498,1.0,178609.2,1048576.0,131072.0,25854.997337392997,8504.933334668749,419430.4,4194304.0,8388608,1384112.197337393,6006351.530672062,32548.45494662073,141243.9414707299,0.716012898763664
nand_128ch,slow,none,128,128,128,global_striped,4,512,1000.0,10000,500,2,500.0,0.5,lower_voltage_gated,0.8,197.26452095292572,42.524666673343745,256.0,26.268666670031962,40.98866667303082,10.012666666720179,26.01366666998001,9.757666666668229,39032,2000,4,2392064,8388608,0.0,0.0,0.0,0.0004999983310699507,0.0010000000002037268,0.50049999833107,39.0266666666721,0.0,128,307.2,"[9758, 9758, 9758, 9758]","[500, 500, 500, 500]","[49.31613023823143, 49.31613023823143, 49.31613023823143, 49.31613023823143]",255.99999994784594,255.99999994784594,66536,133.07200000000012,0.7823224166705536,89424.38400000002,671088.6400000001,83886.08000000002,25854.997337392997,8504.933334668749,419430.4,4194304.0,8388608,870254.1013373933,5492493.434672062,20464.68954177377,129160.17606588293,0.6547562402095869
nand_small_window,fast,none,128,128,128,global_striped,4,512,1000.0,502,2000,2,1000,0,same_voltage_gated,1.0,14.13049830484245,593.6526666667705,256.0,301.58266666674706,565.8486666667741,9.512994791716608,301.3276666666951,9.086979268391955,2008,4,4,147456,8388608,0.0,0.0,0.0,0.000328226671652887,0.00033333333340124227,0.000328226671652887,2243.5386666403792,0.0,128,307.2,"[502, 502, 502, 502]","[1, 1, 1, 1]","[3.5326245762106123, 3.5326245762106123, 3.5326245762106123, 3.5326245762106123]",14.142425550280665,14.142425550280665,131072,131.07200000082958,0.05519725900364016,668467.2,1048576.0,131072.0,717132.4213334587,118730.5333333541,419430.4,4194304.0,8388608,2565247.6213334585,7297712.5546668125,4321.125407785601,12292.899475448949,0.8699551289876476
nand_small_window,fast,none,128,128,128,global_striped,4,512,1000.0,502,2000,2,1000,0,same_voltage_always_on,1.0,14.13049830484245,593.6526666667705,256.0,301.58266666674706,565.8486666667741,9.512994791716608,301.3276666666951,9.086979268391955,2008,4,4,147456,8388608,0.0,0.0,0.0,0.000328226671652887,0.00033333333340124227,0.000328226671652887,2243.5386666403792,0.0,128,307.2,"[502, 502, 502, 502]","[1, 1, 1, 1]","[3.5326245762106123, 3.5326245762106123, 3.5326245762106123, 3.5326245762106123]",14.142425550280665,14.142425550280665,2374612,2374.610666667082,1.0,12110521.2,1048576.0,131072.0,717132.4213334587,118730.5333333541,419430.4,4194304.0,8388608,14007301.621333458,18739766.55466681,23595.112778624214,31566.886846287554,2.233954257329322
nand_small_window,slow,none,128,128,128,global_striped,4,512,1000.0,502,500,2,500.0,0.5,same_voltage_gated,1.0,13.40776436778849,625.6530000000021,256.0,317.83283333336107,596.349000000002,10.013161458330615,317.5776666666951,9.57721373494466,2008,2000,8,131072,8388608,0.0,0.0,0.0,0.00082245885082044,0.001333333333604969,0.5008224588508204,2371.5399999733054,0.0,128,307.2,"[502, 502, 502, 502]","[500, 500, 500, 500]","[3.3519410919471224, 3.3519410919471224, 3.3519410919471224, 3.3519410919471224]",13.418509418509379,13.418509418509379,130536,261.0720000003057,0.10431980666611718,274125.60000000003,1048576.0,131072.0,380397.02400000126,125130.60000000041,419430.4,4194304.0,8388608,1834170.6240000012,6573035.624000002,2931.6100522174356,10505.880454501104,0.7835669069290163
nand_small_window,slow,none,128,128,128,global_striped,4,512,1000.0,502,500,2,500.0,0.5,same_voltage_always_on,1.0,13.40776436778849,625.6530000000021,256.0,317.83283333336107,596.349000000002,10.013161458330615,317.5776666666951,9.57721373494466,2008,2000,8,131072,8388608,0.0,0.0,0.0,0.00082245885082044,0.001333333333604969,0.5008224588508204,2371.5399999733054,0.0,128,307.2,"[502, 502, 502, 502]","[500, 500, 500, 500]","[3.3519410919471224, 3.3519410919471224, 3.3519410919471224, 3.3519410919471224]",13.418509418509379,13.418509418509379,1251308,2502.6120000000083,1.0,2627746.8000000003,1048576.0,131072.0,380397.02400000126,125130.60000000041,419430.4,4194304.0,8388608,4187791.8240000014,8926656.824000001,6693.473577206515,14267.743979490184,1.0641404180526735
nand_small_window,slow,none,128,128,128,global_striped,4,512,1000.0,502,500,2,500.0,0.5,lower_voltage_gated,0.8,13.40776436778849,625.6530000000021,256.0,317.83283333336107,596.349000000002,10.013161458330615,317.5776666666951,9.57721373494466,2008,2000,8,131072,8388608,0.0,0.0,0.0,0.00082245885082044,0.001333333333604969,0.5008224588508204,2371.5399999733054,0.0,128,307.2,"[502, 502, 502, 502]","[500, 500, 500, 500]","[3.3519410919471224, 3.3519410919471224, 3.3519410919471224, 3.3519410919471224]",13.418509418509379,13.418509418509379,130536,261.0720000003057,0.10431980666611718,175440.38400000005,671088.6400000001,83886.08000000002,380397.02400000126,125130.60000000041,419430.4,4194304.0,8388608,1310812.1280000014,6049677.128000002,2095.110433419159,9669.38083570283,0.721177712440491
nand_legacy_mapping,fast,none,128,128,128,striped,4,512,1000.0,10000,2000,2,1000,0,same_voltage_gated,1.0,65.30861038516763,128.44566666672108,256.0,77.4470703135213,118.78666666849676,34.54880729167061,77.19207031346934,33.725772623698035,40000,4,4,2539520,8388608,0.0,0.0,0.0,0.0002237949055353683,0.0006666666522505693,0.0002237949055353683,382.71066664018144,344.9159999733529,128,307.2,"[10000, 10000, 10000, 10000]","[1, 1, 1, 1]","[16.327152596291906, 16.327152596291906, 16.327152596291906, 16.327152596291906]",83.28807164713642,83.28807164713642,131072,131.07200000913872,0.2551117593348482,668467.2,1048576.0,131072.0,155162.36533339907,25689.133333344216,419430.4,4194304.0,8388608,2003277.565333399,6642701.098666743,15596.303225482243,51716.03893732444,0.7918716786702565
nand_legacy_mapping,fast,none,128,128,128,striped,4,512,1000.0,10000,2000,2,1000,0,same_voltage_always_on,1.0,65.30861038516763,128.44566666672108,256.0,77.4470703135213,118.78666666849676,34.54880729167061,77.19207031346934,33.725772623698035,40000,4,4,2539520,8388608,0.0,0.0,0.0,0.0002237949055353683,0.0006666666522505693,0.0002237949055353683,382.71066664018144,344.9159999733529,128,307.2,"[10000, 10000, 10000, 10000]","[1, 1, 1, 1]","[16.327152596291906, 16.327152596291906, 16.327152596291906, 16.327152596291906]",83.28807164713642,83.28807164713642,513784,513.7826666668843,1.0,2620298.4,1048576.0,131072.0,155162.36533339907,25689.133333344216,419430.4,4194304.0,8388608,3955108.765333399,8594532.298666744,30792.076276078267,66911.81198792046,1.0245480893453054
nand_legacy_mapping,slow,none,128,128,128,striped,4,512,1000.0,10000,500,2,500.0,0.5,same_voltage_gated,1.0,64.30680226909966,130.44666666672128,256.0,78.45101041768797,120.28666666849676,35.025377604170615,78.19601041763602,34.191356608073036,40000,2000,8,2523136,8388608,0.0,0.0,0.0,0.0007290030747137966,0.0016666666524542961,0.5007290030747138,390.71466664018226,350.9199999733537,128,307.2,"[10000, 10000, 10000, 10000]","[500, 500, 500, 500]","[16.076700567274916, 16.076700567274916, 16.076700567274916, 16.076700567274916]",81.66479750927965,81.66479750927965,75528,151.05600000002596,0.28949762354978287,158608.80000000002,1048576.0,131072.0,79311.57333336654,26089.333333344257,419430.4,4194304.0,8388608,1417568.3733333666,6057392.10666671,10867.03408800102,46435.775336005834,0.7220974095662487
nand_legacy_mapping,slow,none,128,128,128,striped,4,512,1000.0,10000,500,2,500.0,0.5,same_voltage_always_on,1.0,64.30680226909966,130.44666666672128,256.0,78.45101041768797,120.28666666849676,35.025377604170615,78.19601041763602,34.191356608073036,40000,2000,8,2523136,8388608,0.0,0.0,0.0,0.0007290030747137966,0.0016666666524542961,0.5007290030747138,390.71466664018226,350.9199999733537,128,307.2,"[10000, 10000, 10000, 10000]","[500, 500, 500, 500]","[16.076700567274916, 16.076700567274916, 16.076700567274916, 16.076700567274916]",81.66479750927965,81.66479750927965,260896,521.7866666668851,1.0,547881.6,1048576.0,131072.0,79311.57333336654,26089.333333344257,419430.4,4194304.0,8388608,1806841.1733333666,6446664.906666711,13851.186998512369,49419.928246517185,0.7685023434956921
nand_legacy_mapping,slow,none,128,128,128,striped,4,512,1000.0,10000,500,2,500.0,0.5,lower_voltage_gated,0.8,64.30680226909966,130.44666666672128,256.0,78.45101041768797,120.28666666849676,35.025377604170615,78.19601041763602,34.191356608073036,40000,2000,8,2523136,8388608,0.0,0.0,0.0,0.0007290030747137966,0.0016666666524542961,0.5007290030747138,390.71466664018226,350.9199999733537,128,307.2,"[10000, 10000, 10000, 10000]","[500, 500, 500, 500]","[16.076700567274916, 16.076700567274916, 16.076700567274916, 16.076700567274916]",81.66479750927965,81.66479750927965,75528,151.05600000002596,0.28949762354978287,101509.63200000003,671088.6400000001,83886.08000000002,79311.57333336654,26089.333333344257,419430.4,4194304.0,8388608,935795.9253333667,5575619.658666711,7173.781816320654,42742.52306432547,0.6646656583150281
nand_long,fast,none,512,128,128,global_striped,4,512,1000.0,10000,2000,2,1000,0,same_voltage_gated,1.0,239.11316761327927,140.3286666933709,256.0,74.92066668004554,133.92866669206705,9.512666666720179,74.66566667999359,9.257666666668229,37032,4,0,2392064,33554432,0.0,0.0,0.0,0.0,0.0,0.0,37.0266666666721,0.0,128,307.2,"[9258, 9258, 9258, 9258]","[1, 1, 1, 1]","[59.77829190331982, 59.77829190331982, 59.77829190331982, 59.77829190331982]",255.99999994784594,255.99999994784594,524288,524.2880001068115,0.9340358111796604,2673868.8,4194304.0,524288.0,169517.02936559205,28065.73333867418,1677721.6,16777216.0,33554432,7561977.8293655915,26044981.162704267,53887.61973980059,185599.8619271042,0.776200925192364
nand_long,fast,none,512,128,128,global_striped,4,512,1000.0,10000,2000,2,1000,0,same_voltage_always_on,1.0,239.11316761327927,140.3286666933709,256.0,74.92066668004554,133.92866669206705,9.512666666720179,74.66566667999359,9.257666666668229,37032,4,0,2392064,33554432,0.0,0.0,0.0,0.0,0.0,0.0,37.0266666666721,0.0,128,307.2,"[9258, 9258, 9258, 9258]","[1, 1, 1, 1]","[59.77829190331982, 59.77829190331982, 59.77829190331982, 59.77829190331982]",255.99999994784594,255.99999994784594,561316,561.3146667734836,1.0,2862711.5999999996,4194304.0,524288.0,169517.02936559205,28065.73333867418,1677721.6,16777216.0,33554432,7750820.629365591,26233823.962704264,55233.33764940374,186945.57983670733,0.781828879198559
nand_long,slow,none,512,128,128,global_striped,4,512,1000.0,10000,500,2,500.0,0.5,same_voltage_gated,1.0,238.2642169939643,140.8286666933709,256.0,75.42066668004554,134.42866669206705,10.012666666720179,75.16566667999359,9.757666666668229,39032,2000,4,2392064,33554432,0.0,0.0,0.0,0.0004999933242798016,0.0010000000002037268,0.5004999933242797,39.0266666666721,0.0,128,307.2,"[9758, 9758, 9758, 9758]","[500, 500, 500, 500]","[59.56605424849108, 59.56605424849108, 59.56605424849108, 59.56605424849108]",255.99999994784594,255.99999994784594,263144,526.2880000000005,0.9342700111368268,552602.4,4194304.0,524288.0,85623.82934956951,28165.73333867418,1677721.6,16777216.0,33554432,5356818.22934957,23839921.562688246,38037.83956155091,169283.1589082313,0.7104850281086041
nand_long,slow,none,512,128,128,global_striped,4,512,1000.0,10000,500,2,500.0,0.5,same_voltage_always_on,1.0,238.2642169939643,140.8286666933709,256.0,75.42066668004554,134.42866669206705,10.012666666720179,75.16566667999359,9.757666666668229,39032,2000,4,2392064,33554432,0.0,0.0,0.0,0.0004999933242798016,0.0010000000002037268,0.5004999933242797,39.0266666666721,0.0,128,307.2,"[9758, 9758, 9758, 9758]","[500, 500, 500, 500]","[59.56605424849108, 59.56605424849108, 59.56605424849108, 59.56605424849108]",255.99999994784594,255.99999994784594,281660,563.3146667734836,1.0,591486.0,4194304.0,524288.0,85623.82934956951,28165.73333867418,1677721.6,16777216.0,33554432,5395701.82934957,23878805.162688244,38313.94527861107,169559.26462529143,0.7116438496913983
nand_long,slow,none,512,128,128,global_striped,4,512,1000.0,10000,500,2,500.0,0.5,lower_voltage_gated,0.8,238.2642169939643,140.8286666933709,256.0,75.42066668004554,134.42866669206705,10.012666666720179,75.16566667999359,9.757666666668229,39032,2000,4,2392064,33554432,0.0,0.0,0.0,0.0004999933242798016,0.0010000000002037268,0.5004999933242797,39.0266666666721,0.0,128,307.2,"[9758, 9758, 9758, 9758]","[500, 500, 500, 500]","[59.56605424849108, 59.56605424849108, 59.56605424849108, 59.56605424849108]",255.99999994784594,255.99999994784594,263144,526.2880000000005,0.9342700111368268,353665.5360000001,2684354.5600000005,335544.32000000007,85623.82934956951,28165.73333867418,1677721.6,16777216.0,33554432,3459188.2453495706,21942291.578688245,24563.097319392586,155808.41666607297,0.653931247552879
