request,demand_us,accepted_us,first_usable_us,full_us,first_stall_us,full_stall_us,compute_finish_us,hit,prediction_hit
0,500.0,500.0,558.2086666666668,578.8386666666668,58.20866666666677,78.83866666666677,580.8386666666668,miss,
1,600.0,600.0,658.2086666666668,678.8386666666668,58.20866666666677,78.83866666666677,680.8386666666668,miss,
2,700.0,700.0,758.2086666666668,778.8386666666668,58.20866666666677,78.83866666666677,780.8386666666668,miss,
3,800.0,800.0,858.2086666666668,878.8386666666668,58.20866666666677,78.83866666666677,880.8386666666668,miss,
4,900.0,900.0,958.2086666666668,978.8386666666668,58.20866666666677,78.83866666666677,980.8386666666668,miss,
5,1000.0,1000.0,1058.2086666666667,1078.838666666667,58.20866666666666,78.838666666667,1080.838666666667,miss,
6,1100.0,1100.0,1158.2086666666667,1178.838666666667,58.20866666666666,78.838666666667,1180.838666666667,miss,
7,1200.0,1200.0,1258.2086666666667,1278.838666666667,58.20866666666666,78.838666666667,1280.838666666667,miss,
8,1300.0,1300.0,1358.2086666666667,1378.838666666667,58.20866666666666,78.838666666667,1380.838666666667,miss,
9,1400.0,1400.0,1458.2086666666667,1478.838666666667,58.20866666666666,78.838666666667,1480.838666666667,miss,
10,1500.0,1500.0,1558.2086666666667,1578.838666666667,58.20866666666666,78.838666666667,1580.838666666667,miss,
11,1600.0,1600.0,1658.2086666666667,1678.838666666667,58.20866666666666,78.838666666667,1680.838666666667,miss,
12,1700.0,1700.0,1758.2086666666667,1778.838666666667,58.20866666666666,78.838666666667,1780.838666666667,miss,
13,1800.0,1800.0,1858.2086666666667,1878.838666666667,58.20866666666666,78.838666666667,1880.838666666667,miss,
14,1900.0,1900.0,1958.2086666666667,1978.838666666667,58.20866666666666,78.838666666667,1980.838666666667,miss,
15,2000.0,2000.0,2058.2086666666664,2078.838666666666,58.20866666666643,78.83866666666609,2080.838666666666,miss,
16,2100.0,2100.0,2158.2086666666664,2178.838666666666,58.20866666666643,78.83866666666609,2180.838666666666,miss,
17,2200.0,2200.0,2258.2086666666664,2278.838666666666,58.20866666666643,78.83866666666609,2280.838666666666,miss,
18,2300.0,2300.0,2358.2086666666664,2378.838666666666,58.20866666666643,78.83866666666609,2380.838666666666,miss,
19,2400.0,2400.0,2458.2086666666664,2478.838666666666,58.20866666666643,78.83866666666609,2480.838666666666,miss,
20,2500.0,2500.0,2558.2086666666664,2578.838666666666,58.20866666666643,78.83866666666609,2580.838666666666,miss,
21,2600.0,2600.0,2658.2086666666664,2678.838666666666,58.20866666666643,78.83866666666609,2680.838666666666,miss,
22,2700.0,2700.0,2758.2086666666664,2778.838666666666,58.20866666666643,78.83866666666609,2780.838666666666,miss,
23,2800.0,2800.0,2858.2086666666664,2878.838666666666,58.20866666666643,78.83866666666609,2880.838666666666,miss,
24,2900.0,2900.0,2958.2086666666664,2978.838666666666,58.20866666666643,78.83866666666609,2980.838666666666,miss,
25,3000.0,3000.0,3058.2086666666664,3078.838666666666,58.20866666666643,78.83866666666609,3080.838666666666,miss,
26,3100.0,3100.0,3158.2086666666664,3178.838666666666,58.20866666666643,78.83866666666609,3180.838666666666,miss,
27,3200.0,3200.0,3258.2086666666664,3278.838666666666,58.20866666666643,78.83866666666609,3280.838666666666,miss,
28,3300.0,3300.0,3358.2086666666664,3378.838666666666,58.20866666666643,78.83866666666609,3380.838666666666,miss,
29,3400.0,3400.0,3458.2086666666664,3478.838666666666,58.20866666666643,78.83866666666609,3480.838666666666,miss,
30,3500.0,3500.0,3558.2086666666664,3578.838666666666,58.20866666666643,78.83866666666609,3580.838666666666,miss,
31,3600.0,3600.0,3658.2086666666664,3678.838666666666,58.20866666666643,78.83866666666609,3680.838666666666,miss,
32,3700.0,3700.0,3758.2086666666664,3778.838666666666,58.20866666666643,78.83866666666609,3780.838666666666,miss,
33,3800.0,3800.0,3858.2086666666664,3878.838666666666,58.20866666666643,78.83866666666609,3880.838666666666,miss,
34,3900.0,3900.0,3958.2086666666664,3978.838666666666,58.20866666666643,78.83866666666609,3980.838666666666,miss,
35,4000.0,4000.0,4058.2086666666664,4078.838666666666,58.20866666666643,78.83866666666609,4080.838666666666,miss,
36,4100.0,4100.0,4158.208666666667,4178.838666666668,58.20866666666734,78.83866666666836,4180.838666666668,miss,
37,4200.0,4200.0,4258.208666666667,4278.838666666668,58.20866666666734,78.83866666666836,4280.838666666668,miss,
38,4300.0,4300.0,4358.208666666667,4378.838666666668,58.20866666666734,78.83866666666836,4380.838666666668,miss,
39,4400.0,4400.0,4458.208666666667,4478.838666666668,58.20866666666734,78.83866666666836,4480.838666666668,miss,
40,4500.0,4500.0,4558.208666666667,4578.838666666668,58.20866666666734,78.83866666666836,4580.838666666668,miss,
41,4600.0,4600.0,4658.208666666667,4678.838666666668,58.20866666666734,78.83866666666836,4680.838666666668,miss,
42,4700.0,4700.0,4758.208666666667,4778.838666666668,58.20866666666734,78.83866666666836,4780.838666666668,miss,
43,4800.0,4800.0,4858.208666666667,4878.838666666668,58.20866666666734,78.83866666666836,4880.838666666668,miss,
44,4900.0,4900.0,4958.208666666667,4978.838666666668,58.20866666666734,78.83866666666836,4980.838666666668,miss,
45,5000.0,5000.0,5058.208666666667,5078.838666666668,58.20866666666734,78.83866666666836,5080.838666666668,miss,
46,5100.0,5100.0,5158.208666666667,5178.838666666668,58.20866666666734,78.83866666666836,5180.838666666668,miss,
47,5200.0,5200.0,5258.208666666667,5278.838666666668,58.20866666666734,78.83866666666836,5280.838666666668,miss,
48,5300.0,5300.0,5358.208666666667,5378.838666666668,58.20866666666734,78.83866666666836,5380.838666666668,miss,
49,5400.0,5400.0,5458.208666666667,5478.838666666668,58.20866666666734,78.83866666666836,5480.838666666668,miss,
50,5500.0,5500.0,5558.208666666667,5578.838666666668,58.20866666666734,78.83866666666836,5580.838666666668,miss,
51,5600.0,5600.0,5658.208666666667,5678.838666666668,58.20866666666734,78.83866666666836,5680.838666666668,miss,
52,5700.0,5700.0,5758.208666666667,5778.838666666668,58.20866666666734,78.83866666666836,5780.838666666668,miss,
53,5800.0,5800.0,5858.208666666667,5878.838666666668,58.20866666666734,78.83866666666836,5880.838666666668,miss,
54,5900.0,5900.0,5958.208666666667,5978.838666666668,58.20866666666734,78.83866666666836,5980.838666666668,miss,
55,6000.0,6000.0,6058.208666666667,6078.838666666668,58.20866666666734,78.83866666666836,6080.838666666668,miss,
56,6100.0,6100.0,6158.208666666667,6178.838666666668,58.20866666666734,78.83866666666836,6180.838666666668,miss,
57,6200.0,6200.0,6258.208666666667,6278.838666666668,58.20866666666734,78.83866666666836,6280.838666666668,miss,
58,6300.0,6300.0,6358.208666666667,6378.838666666668,58.20866666666734,78.83866666666836,6380.838666666668,miss,
59,6400.0,6400.0,6458.208666666667,6478.838666666668,58.20866666666734,78.83866666666836,6480.838666666668,miss,
60,6500.0,6500.0,6558.208666666667,6578.838666666668,58.20866666666734,78.83866666666836,6580.838666666668,miss,
61,6600.0,6600.0,6658.208666666667,6678.838666666668,58.20866666666734,78.83866666666836,6680.838666666668,miss,
62,6700.0,6700.0,6758.208666666667,6778.838666666668,58.20866666666734,78.83866666666836,6780.838666666668,miss,
63,6800.0,6800.0,6858.208666666667,6878.838666666668,58.20866666666734,78.83866666666836,6880.838666666668,miss,
64,6900.0,6900.0,6958.208666666667,6978.838666666668,58.20866666666734,78.83866666666836,6980.838666666668,miss,
65,7000.0,7000.0,7058.208666666667,7078.838666666668,58.20866666666734,78.83866666666836,7080.838666666668,miss,
66,7100.0,7100.0,7158.208666666667,7178.838666666668,58.20866666666734,78.83866666666836,7180.838666666668,miss,
67,7200.0,7200.0,7258.208666666667,7278.838666666668,58.20866666666734,78.83866666666836,7280.838666666668,miss,
68,7300.0,7300.0,7358.208666666667,7378.838666666668,58.20866666666734,78.83866666666836,7380.838666666668,miss,
69,7400.0,7400.0,7458.208666666667,7478.838666666668,58.20866666666734,78.83866666666836,7480.838666666668,miss,
70,7500.0,7500.0,7558.208666666667,7578.838666666668,58.20866666666734,78.83866666666836,7580.838666666668,miss,
71,7600.0,7600.0,7658.208666666667,7678.838666666668,58.20866666666734,78.83866666666836,7680.838666666668,miss,
72,7700.0,7700.0,7758.208666666667,7778.838666666668,58.20866666666734,78.83866666666836,7780.838666666668,miss,
73,7800.0,7800.0,7858.208666666667,7878.838666666668,58.20866666666734,78.83866666666836,7880.838666666668,miss,
74,7900.0,7900.0,7958.208666666667,7978.838666666668,58.20866666666734,78.83866666666836,7980.838666666668,miss,
75,8000.0,8000.0,8058.208666666667,8078.838666666668,58.20866666666734,78.83866666666836,8080.838666666668,miss,
76,8100.0,8100.0,8158.208666666667,8178.838666666668,58.20866666666734,78.83866666666836,8180.838666666668,miss,
77,8200.0,8200.0,8258.208666666667,8278.838666666668,58.20866666666734,78.83866666666836,8280.838666666668,miss,
78,8300.0,8300.0,8358.208666666667,8378.838666666668,58.20866666666734,78.83866666666836,8380.838666666668,miss,
79,8400.0,8400.0,8458.208666666667,8478.838666666668,58.20866666666734,78.83866666666836,8480.838666666668,miss,
80,8500.0,8500.0,8558.208666666667,8578.838666666668,58.20866666666734,78.83866666666836,8580.838666666668,miss,
81,8600.0,8600.0,8658.208666666667,8678.838666666668,58.20866666666734,78.83866666666836,8680.838666666668,miss,
82,8700.0,8700.0,8758.208666666667,8778.838666666668,58.20866666666734,78.83866666666836,8780.838666666668,miss,
83,8800.0,8800.0,8858.208666666667,8878.838666666668,58.20866666666734,78.83866666666836,8880.838666666668,miss,
84,8900.0,8900.0,8958.208666666667,8978.838666666668,58.20866666666734,78.83866666666836,8980.838666666668,miss,
85,9000.0,9000.0,9058.208666666667,9078.838666666668,58.20866666666734,78.83866666666836,9080.838666666668,miss,
86,9100.0,9100.0,9158.208666666667,9178.838666666668,58.20866666666734,78.83866666666836,9180.838666666668,miss,
87,9200.0,9200.0,9258.208666666667,9278.838666666668,58.20866666666734,78.83866666666836,9280.838666666668,miss,
88,9300.0,9300.0,9358.208666666667,9378.838666666668,58.20866666666734,78.83866666666836,9380.838666666668,miss,
89,9400.0,9400.0,9458.208666666667,9478.838666666668,58.20866666666734,78.83866666666836,9480.838666666668,miss,
90,9500.0,9500.0,9558.208666666667,9578.838666666668,58.20866666666734,78.83866666666836,9580.838666666668,miss,
91,9600.0,9600.0,9658.208666666667,9678.838666666668,58.20866666666734,78.83866666666836,9680.838666666668,miss,
92,9700.0,9700.0,9758.208666666667,9778.838666666668,58.20866666666734,78.83866666666836,9780.838666666668,miss,
93,9800.0,9800.0,9858.208666666667,9878.838666666668,58.20866666666734,78.83866666666836,9880.838666666668,miss,
94,9900.0,9900.0,9958.208666666667,9978.838666666668,58.20866666666734,78.83866666666836,9980.838666666668,miss,
95,10000.0,10000.0,10058.208666666667,10078.838666666668,58.20866666666734,78.83866666666836,10080.838666666668,miss,
96,10100.0,10100.0,10158.208666666667,10178.838666666668,58.20866666666734,78.83866666666836,10180.838666666668,miss,
97,10200.0,10200.0,10258.208666666667,10278.838666666668,58.20866666666734,78.83866666666836,10280.838666666668,miss,
98,10300.0,10300.0,10358.208666666667,10378.838666666668,58.20866666666734,78.83866666666836,10380.838666666668,miss,
99,10400.0,10400.0,10458.208666666667,10478.838666666668,58.20866666666734,78.83866666666836,10480.838666666668,miss,
