case,scenario,requests,transfer_mib,period_us,early_lead_us,prefetch_decision_ns,host_decision_ns,outstanding_per_port,outstanding_total,full_gbps,tail_gbps,ready_hit_at_ar,ready_hit_at_lookup,mean_burst_latency_us,mean_ar_to_lookup_done_us,buffer_peak_bytes
host_ready_0ns_O125,ready,128,8.0,0.0,10000.0,0.0,0.0,125,500,63.52936543398494,63.77132778883896,1.0,1.0,0.5019999694824269,0.5005039977964696,8388608
host_ready_0ns_O126,ready,128,8.0,0.0,10000.0,0.0,0.0,126,504,64.02100298407112,64.26673204216439,1.0,1.0,0.5019999694824236,0.5005079345638963,8388608
host_ready_0ns_O128,ready,128,8.0,0.0,10000.0,0.0,0.0,128,512,65.21045717082993,65.27490039840883,1.0,1.0,0.5019999694824172,0.5005077819758972,8388608
host_ready_100ns_O150,ready,128,8.0,0.0,10000.0,0.0,100.0,150,600,63.59583033243678,63.88691890566221,1.0,1.0,0.6019999694819789,0.6005066528303907,8388608
host_ready_100ns_O151,ready,128,8.0,0.0,10000.0,0.0,100.0,151,604,63.920509010590514,63.99414116139145,1.0,1.0,0.6019999694819783,0.6005032958967877,8388608
host_ready_100ns_O160,ready,128,8.0,0.0,10000.0,0.0,100.0,160,640,67.90360782599531,68.23556972725619,1.0,1.0,0.6019999694820176,0.6005062255842265,8388608
host_ready_200ns_O175,ready,128,8.0,0.0,10000.0,0.0,200.0,175,700,63.5413958702566,63.62525408818014,1.0,1.0,0.7019999694824253,0.700502838126313,8388608
host_ready_200ns_O176,ready,128,8.0,0.0,10000.0,0.0,200.0,176,704,63.88643235215351,64.22933447673559,1.0,1.0,0.7019999694824236,0.7005056762609235,8388608
host_ready_200ns_O192,ready,128,8.0,0.0,10000.0,0.0,200.0,192,768,69.80675548600807,70.21635919240218,1.0,1.0,0.7019999694824272,0.7005051879788645,8388608
host_ready_300ns_O200,ready,128,8.0,0.0,10000.0,0.0,300.0,200,800,63.69723983446614,63.79363630833975,1.0,1.0,0.8019999694821043,0.8005049743620498,8388608
host_ready_300ns_O201,ready,128,8.0,0.0,10000.0,0.0,300.0,201,804,63.77617613967169,63.87329820611811,1.0,1.0,0.8019999694821034,0.8005024719206422,8388608
host_ready_300ns_O224,ready,128,8.0,0.0,10000.0,0.0,300.0,224,896,71.11581338962593,71.60203489362665,1.0,1.0,0.8019999694821042,0.800504455562172,8388608
ahead_stream_0ns,ready,512,32.0,1.024,10,0.0,0.0,128,512,63.98694114169346,63.99999999999994,1.0,1.0,0.5019960937499961,0.5005039062434804,720896
ahead_stream_100ns,ready,512,32.0,1.024,10,100.0,0.0,128,512,63.98694114169346,63.99999999999994,1.0,1.0,0.5019960937499961,0.5005039062434804,720896
ahead_stream_200ns,ready,512,32.0,1.024,10,200.0,0.0,128,512,63.98694114169346,63.99999999999994,1.0,1.0,0.5019960937499961,0.5005039062434804,720896
ahead_stream_300ns,ready,512,32.0,1.024,10,300.0,0.0,128,512,63.98694114169346,63.99999999999994,1.0,1.0,0.5019960937499961,0.5005039062434804,720896
ahead_short_lead_0ns,ready,512,32.0,1.024,8.756666666666668,0.0,0.0,128,512,63.98694114169346,63.99999999999994,0.5,0.99609375,0.5019960937499961,0.5005039062434804,655360
ahead_short_lead_100ns,ready,512,32.0,1.024,8.756666666666668,100.0,0.0,128,512,63.974863392142616,63.99999999999994,0.5,0.9189224243164062,0.5120771484374984,0.5004999999940921,655360
ahead_short_lead_200ns,ready,512,32.0,1.024,8.756666666666668,200.0,0.0,128,512,63.96266827298503,63.99999999999994,0.5,0.9171524047851562,0.5121748046875005,0.5004999999932971,655360
ahead_short_lead_300ns,ready,512,32.0,1.024,8.756666666666668,300.0,0.0,128,512,63.95047780229696,63.99999999999994,0.5,0.9179153442382812,0.5122724609374991,0.5004999999937383,655360
cold_host_0ns,none,512,32.0,0.0,10000.0,0.0,0.0,2560,10240,66.06156794286522,66.39603615588615,0.0,0.0,9.757993489583384,0.500826822657835,655360
cold_host_100ns,none,512,32.0,0.0,10000.0,0.0,100.0,2560,10240,65.39210331430786,65.71981009390973,0.0,0.0,9.857993489583365,0.6008268226579685,655360
cold_host_200ns,none,512,32.0,0.0,10000.0,0.0,200.0,2560,10240,64.73607120347484,65.05721952511054,0.0,0.0,9.957993489583345,0.7008268226577823,655360
cold_host_300ns,none,512,32.0,0.0,10000.0,0.0,300.0,2560,10240,64.09307134942465,64.4078561447664,0.0,0.0,10.057993489583382,0.8008268226578306,655360
host_ready_100ns_O152,ready,128,8.0,0.0,10000.0,0.0,100.0,152,608,64.46874015324494,64.54364151169133,1.0,1.0,0.6019999694819866,0.6005065612776429,8388608
host_ready_300ns_O202,ready,128,8.0,0.0,10000.0,0.0,300.0,202,808,64.14829202639758,64.54364151173469,1.0,1.0,0.801999969482105,0.8005049438443939,8388608
