mapping,channels,policy,delay_us,lead_us,mean_full_stall_us,p95_full_stall_us,p99_full_stall_us,mean_first_stall_us,buffer_peak_bytes,buffer_mean_bytes,nand_bytes,wasted_bytes,ready_hit_rate,late_hit_rate,io_utilization,sensing_utilization
single,1,none,0.0,0.0,78.83866666666766,78.83866666666836,78.83866666666836,58.20866666666705,65536,42761.767417229064,6553600,0,0.0,0.0,0.26249728182346965,0.07952535198238889
single,1,none,200.0,0.0,78.83866666666766,78.83866666666836,78.83866666666836,58.20866666666705,65536,42761.767417229064,6553600,0,0.0,0.0,0.26249728182346965,0.07952535198238889
single,1,none,250.0,0.0,78.83866666666766,78.83866666666836,78.83866666666836,58.20866666666705,65536,42761.767417229064,6553600,0,0.0,0.0,0.26249728182346965,0.07952535198238889
single,1,none,280.0,0.0,78.83866666666766,78.83866666666836,78.83866666666836,58.20866666666705,65536,42761.767417229064,6553600,0,0.0,0.0,0.26249728182346965,0.07952535198238889
single,1,none,300.0,0.0,78.83866666666766,78.83866666666836,78.83866666666836,58.20866666666705,65536,42761.767417229064,6553600,0,0.0,0.0,0.26249728182346965,0.07952535198238889
single,1,fixed,0.0,0.0,78.83866666666766,78.83866666666836,78.83866666666836,58.20866666666705,65536,42761.767417229064,6553600,0,0.0,1.0,0.26249728182346965,0.07952535198238889
single,1,fixed,0.0,20.0,58.83866666666767,58.83866666666836,58.83866666666836,38.20866666666706,65536,42843.53895760768,6553600,0,0.0,1.0,0.2629992444030438,0.07967742498880372
single,1,fixed,0.0,40.0,38.83866666666767,38.83866666666836,38.83866666666836,18.208666666667057,65536,42925.623833762365,6553600,0,0.0,1.0,0.26350313042485357,0.07983008071523665
single,1,fixed,0.0,60.0,18.838666666667663,18.83866666666836,18.83866666666836,1.0319999999999134,65536,43452.003211106494,6553600,0,0.0,1.0,0.26400895096561666,0.07998332251745523
single,1,fixed,0.0,80.0,4.127999999999654,4.128000000000611,4.128000000000611,1.0319999999999134,65536,51922.97211260695,6553600,0,1.0,0.0,0.26438224007496564,0.08009641301350133
single,1,fixed,0.0,120.0,4.127999999999654,4.128000000000611,4.128000000000611,1.0319999999999134,131072,77119.12502422085,6553600,0,1.0,0.0,0.26438224007496564,0.08009641301350133
single,1,fixed,200.0,0.0,78.83866666666766,78.83866666666836,78.83866666666836,58.20866666666705,65536,42761.767417229064,6553600,0,0.0,1.0,0.26249728182346965,0.07952535198238889
single,1,fixed,200.0,20.0,58.83866666666767,58.83866666666836,58.83866666666836,38.20866666666706,65536,42843.53895760768,6553600,0,0.0,1.0,0.2629992444030438,0.07967742498880372
single,1,fixed,200.0,40.0,38.83866666666767,38.83866666666836,38.83866666666836,18.208666666667057,65536,42925.623833762365,6553600,0,0.0,1.0,0.26350313042485357,0.07983008071523665
single,1,fixed,200.0,60.0,18.838666666667663,18.83866666666836,18.83866666666836,1.0319999999999134,65536,43452.003211106494,6553600,0,0.0,1.0,0.26400895096561666,0.07998332251745523
single,1,fixed,200.0,80.0,4.127999999999654,4.128000000000611,4.128000000000611,1.0319999999999134,65536,51922.97211260695,6553600,0,1.0,0.0,0.26438224007496564,0.08009641301350133
single,1,fixed,200.0,120.0,4.127999999999654,4.128000000000611,4.128000000000611,1.0319999999999134,131072,64521.04856841407,6553600,0,1.0,0.0,0.26438224007496564,0.08009641301350133
single,1,fixed,250.0,0.0,78.83866666666766,78.83866666666836,78.83866666666836,58.20866666666705,65536,42761.767417229064,6553600,0,0.0,1.0,0.26249728182346965,0.07952535198238889
single,1,fixed,250.0,20.0,58.83866666666767,58.83866666666836,58.83866666666836,38.20866666666706,65536,42843.53895760768,6553600,0,0.0,1.0,0.2629992444030438,0.07967742498880372
single,1,fixed,250.0,40.0,38.83866666666767,38.83866666666836,38.83866666666836,18.208666666667057,65536,42925.623833762365,6553600,0,0.0,1.0,0.26350313042485357,0.07983008071523665
single,1,fixed,250.0,60.0,28.838666666667674,28.83866666666836,28.83866666666836,8.208666666667055,65536,42966.78433610187,6553600,0,0.0,1.0,0.263755798184752,0.0799066281461317
single,1,fixed,250.0,80.0,28.838666666667674,28.83866666666836,28.83866666666836,8.208666666667055,65536,42966.78433610187,6553600,0,0.0,1.0,0.263755798184752,0.0799066281461317
single,1,fixed,250.0,120.0,28.838666666667674,28.83866666666836,28.83866666666836,8.208666666667055,65536,42966.78433610187,6553600,0,0.0,1.0,0.263755798184752,0.0799066281461317
single,1,fixed,280.0,0.0,78.83866666666766,78.83866666666836,78.83866666666836,58.20866666666705,65536,42761.767417229064,6553600,0,0.0,1.0,0.26249728182346965,0.07952535198238889
single,1,fixed,280.0,20.0,58.83866666666767,58.83866666666836,58.83866666666836,38.20866666666706,65536,42843.53895760768,6553600,0,0.0,1.0,0.2629992444030438,0.07967742498880372
single,1,fixed,280.0,40.0,58.83866666666767,58.83866666666836,58.83866666666836,38.20866666666706,65536,42843.53895760768,6553600,0,0.0,1.0,0.2629992444030438,0.07967742498880372
single,1,fixed,280.0,60.0,58.83866666666767,58.83866666666836,58.83866666666836,38.20866666666706,65536,42843.53895760768,6553600,0,0.0,1.0,0.2629992444030438,0.07967742498880372
single,1,fixed,280.0,80.0,58.83866666666767,58.83866666666836,58.83866666666836,38.20866666666706,65536,42843.53895760768,6553600,0,0.0,1.0,0.2629992444030438,0.07967742498880372
single,1,fixed,280.0,120.0,58.83866666666767,58.83866666666836,58.83866666666836,38.20866666666706,65536,42843.53895760768,6553600,0,0.0,1.0,0.2629992444030438,0.07967742498880372
single,1,fixed,300.0,0.0,78.83866666666766,78.83866666666836,78.83866666666836,58.20866666666705,65536,42761.767417229064,6553600,0,0.0,1.0,0.26249728182346965,0.07952535198238889
single,1,fixed,300.0,20.0,78.83866666666766,78.83866666666836,78.83866666666836,58.20866666666705,65536,42761.767417229064,6553600,0,0.0,1.0,0.26249728182346965,0.07952535198238889
single,1,fixed,300.0,40.0,78.83866666666766,78.83866666666836,78.83866666666836,58.20866666666705,65536,42761.767417229064,6553600,0,0.0,1.0,0.26249728182346965,0.07952535198238889
single,1,fixed,300.0,60.0,78.83866666666766,78.83866666666836,78.83866666666836,58.20866666666705,65536,42761.767417229064,6553600,0,0.0,1.0,0.26249728182346965,0.07952535198238889
single,1,fixed,300.0,80.0,78.83866666666766,78.83866666666836,78.83866666666836,58.20866666666705,65536,42761.767417229064,6553600,0,0.0,1.0,0.26249728182346965,0.07952535198238889
single,1,fixed,300.0,120.0,78.83866666666766,78.83866666666836,78.83866666666836,58.20866666666705,65536,42761.767417229064,6553600,0,0.0,1.0,0.26249728182346965,0.07952535198238889
single,1,adaptive,0.0,0.0,4.128000000000484,4.128000000001521,4.128000000001521,1.0320000000007434,65536,44138.41070262435,6553600,0,0.27,0.73,0.26438224007496564,0.08009641301350132
single,1,adaptive,200.0,0.0,4.128000000000484,4.128000000001521,4.128000000001521,1.0320000000007434,65536,44138.41070262435,6553600,0,0.27,0.73,0.26438224007496564,0.08009641301350132
single,1,adaptive,250.0,0.0,28.838666666667674,28.83866666666836,28.83866666666836,8.208666666667055,65536,42966.78433610187,6553600,0,0.0,1.0,0.263755798184752,0.0799066281461317
single,1,adaptive,280.0,0.0,58.83866666666767,58.83866666666836,58.83866666666836,38.20866666666706,65536,42843.53895760768,6553600,0,0.0,1.0,0.2629992444030438,0.07967742498880372
single,1,adaptive,300.0,0.0,78.83866666666766,78.83866666666836,78.83866666666836,58.20866666666705,65536,42761.767417229064,6553600,0,0.0,1.0,0.26249728182346965,0.07952535198238889
single,4,none,0.0,0.0,78.83866666666766,78.83866666666836,78.83866666666836,58.20866666666705,65536,42761.767417229064,6553600,0,0.0,0.0,0.06562432045586741,0.07952535198238889
single,4,none,200.0,0.0,78.83866666666766,78.83866666666836,78.83866666666836,58.20866666666705,65536,42761.767417229064,6553600,0,0.0,0.0,0.06562432045586741,0.07952535198238889
single,4,none,250.0,0.0,78.83866666666766,78.83866666666836,78.83866666666836,58.20866666666705,65536,42761.767417229064,6553600,0,0.0,0.0,0.06562432045586741,0.07952535198238889
single,4,none,280.0,0.0,78.83866666666766,78.83866666666836,78.83866666666836,58.20866666666705,65536,42761.767417229064,6553600,0,0.0,0.0,0.06562432045586741,0.07952535198238889
single,4,none,300.0,0.0,78.83866666666766,78.83866666666836,78.83866666666836,58.20866666666705,65536,42761.767417229064,6553600,0,0.0,0.0,0.06562432045586741,0.07952535198238889
single,4,fixed,0.0,0.0,78.83866666666766,78.83866666666836,78.83866666666836,58.20866666666705,65536,42761.767417229064,6553600,0,0.0,1.0,0.06562432045586741,0.07952535198238889
single,4,fixed,0.0,20.0,58.83866666666767,58.83866666666836,58.83866666666836,38.20866666666706,65536,42843.53895760768,6553600,0,0.0,1.0,0.06574981110076095,0.07967742498880372
single,4,fixed,0.0,40.0,38.83866666666767,38.83866666666836,38.83866666666836,18.208666666667057,65536,42925.623833762365,6553600,0,0.0,1.0,0.06587578260621339,0.07983008071523665
single,4,fixed,0.0,60.0,18.838666666667663,18.83866666666836,18.83866666666836,1.0319999999999134,65536,43452.003211106494,6553600,0,0.0,1.0,0.06600223774140417,0.07998332251745523
single,4,fixed,0.0,80.0,4.127999999999654,4.128000000000611,4.128000000000611,1.0319999999999134,65536,51922.97211260695,6553600,0,1.0,0.0,0.06609556001874141,0.08009641301350133
single,4,fixed,0.0,120.0,4.127999999999654,4.128000000000611,4.128000000000611,1.0319999999999134,131072,77119.12502422085,6553600,0,1.0,0.0,0.06609556001874141,0.08009641301350133
single,4,fixed,200.0,0.0,78.83866666666766,78.83866666666836,78.83866666666836,58.20866666666705,65536,42761.767417229064,6553600,0,0.0,1.0,0.06562432045586741,0.07952535198238889
single,4,fixed,200.0,20.0,58.83866666666767,58.83866666666836,58.83866666666836,38.20866666666706,65536,42843.53895760768,6553600,0,0.0,1.0,0.06574981110076095,0.07967742498880372
single,4,fixed,200.0,40.0,38.83866666666767,38.83866666666836,38.83866666666836,18.208666666667057,65536,42925.623833762365,6553600,0,0.0,1.0,0.06587578260621339,0.07983008071523665
single,4,fixed,200.0,60.0,18.838666666667663,18.83866666666836,18.83866666666836,1.0319999999999134,65536,43452.003211106494,6553600,0,0.0,1.0,0.06600223774140417,0.07998332251745523
single,4,fixed,200.0,80.0,4.127999999999654,4.128000000000611,4.128000000000611,1.0319999999999134,65536,51922.97211260695,6553600,0,1.0,0.0,0.06609556001874141,0.08009641301350133
single,4,fixed,200.0,120.0,4.127999999999654,4.128000000000611,4.128000000000611,1.0319999999999134,131072,64521.04856841407,6553600,0,1.0,0.0,0.06609556001874141,0.08009641301350133
single,4,fixed,250.0,0.0,78.83866666666766,78.83866666666836,78.83866666666836,58.20866666666705,65536,42761.767417229064,6553600,0,0.0,1.0,0.06562432045586741,0.07952535198238889
single,4,fixed,250.0,20.0,58.83866666666767,58.83866666666836,58.83866666666836,38.20866666666706,65536,42843.53895760768,6553600,0,0.0,1.0,0.06574981110076095,0.07967742498880372
single,4,fixed,250.0,40.0,38.83866666666767,38.83866666666836,38.83866666666836,18.208666666667057,65536,42925.623833762365,6553600,0,0.0,1.0,0.06587578260621339,0.07983008071523665
single,4,fixed,250.0,60.0,28.838666666667674,28.83866666666836,28.83866666666836,8.208666666667055,65536,42966.78433610187,6553600,0,0.0,1.0,0.065938949546188,0.0799066281461317
single,4,fixed,250.0,80.0,28.838666666667674,28.83866666666836,28.83866666666836,8.208666666667055,65536,42966.78433610187,6553600,0,0.0,1.0,0.065938949546188,0.0799066281461317
single,4,fixed,250.0,120.0,28.838666666667674,28.83866666666836,28.83866666666836,8.208666666667055,65536,42966.78433610187,6553600,0,0.0,1.0,0.065938949546188,0.0799066281461317
single,4,fixed,280.0,0.0,78.83866666666766,78.83866666666836,78.83866666666836,58.20866666666705,65536,42761.767417229064,6553600,0,0.0,1.0,0.06562432045586741,0.07952535198238889
single,4,fixed,280.0,20.0,58.83866666666767,58.83866666666836,58.83866666666836,38.20866666666706,65536,42843.53895760768,6553600,0,0.0,1.0,0.06574981110076095,0.07967742498880372
single,4,fixed,280.0,40.0,58.83866666666767,58.83866666666836,58.83866666666836,38.20866666666706,65536,42843.53895760768,6553600,0,0.0,1.0,0.06574981110076095,0.07967742498880372
single,4,fixed,280.0,60.0,58.83866666666767,58.83866666666836,58.83866666666836,38.20866666666706,65536,42843.53895760768,6553600,0,0.0,1.0,0.06574981110076095,0.07967742498880372
single,4,fixed,280.0,80.0,58.83866666666767,58.83866666666836,58.83866666666836,38.20866666666706,65536,42843.53895760768,6553600,0,0.0,1.0,0.06574981110076095,0.07967742498880372
single,4,fixed,280.0,120.0,58.83866666666767,58.83866666666836,58.83866666666836,38.20866666666706,65536,42843.53895760768,6553600,0,0.0,1.0,0.06574981110076095,0.07967742498880372
single,4,fixed,300.0,0.0,78.83866666666766,78.83866666666836,78.83866666666836,58.20866666666705,65536,42761.767417229064,6553600,0,0.0,1.0,0.06562432045586741,0.07952535198238889
single,4,fixed,300.0,20.0,78.83866666666766,78.83866666666836,78.83866666666836,58.20866666666705,65536,42761.767417229064,6553600,0,0.0,1.0,0.06562432045586741,0.07952535198238889
single,4,fixed,300.0,40.0,78.83866666666766,78.83866666666836,78.83866666666836,58.20866666666705,65536,42761.767417229064,6553600,0,0.0,1.0,0.06562432045586741,0.07952535198238889
single,4,fixed,300.0,60.0,78.83866666666766,78.83866666666836,78.83866666666836,58.20866666666705,65536,42761.767417229064,6553600,0,0.0,1.0,0.06562432045586741,0.07952535198238889
single,4,fixed,300.0,80.0,78.83866666666766,78.83866666666836,78.83866666666836,58.20866666666705,65536,42761.767417229064,6553600,0,0.0,1.0,0.06562432045586741,0.07952535198238889
single,4,fixed,300.0,120.0,78.83866666666766,78.83866666666836,78.83866666666836,58.20866666666705,65536,42761.767417229064,6553600,0,0.0,1.0,0.06562432045586741,0.07952535198238889
single,4,adaptive,0.0,0.0,4.128000000000484,4.128000000001521,4.128000000001521,1.0320000000007434,65536,44138.41070262435,6553600,0,0.27,0.73,0.06609556001874141,0.08009641301350132
single,4,adaptive,200.0,0.0,4.128000000000484,4.128000000001521,4.128000000001521,1.0320000000007434,65536,44138.41070262435,6553600,0,0.27,0.73,0.06609556001874141,0.08009641301350132
single,4,adaptive,250.0,0.0,28.838666666667674,28.83866666666836,28.83866666666836,8.208666666667055,65536,42966.78433610187,6553600,0,0.0,1.0,0.065938949546188,0.0799066281461317
single,4,adaptive,280.0,0.0,58.83866666666767,58.83866666666836,58.83866666666836,38.20866666666706,65536,42843.53895760768,6553600,0,0.0,1.0,0.06574981110076095,0.07967742498880372
single,4,adaptive,300.0,0.0,78.83866666666766,78.83866666666836,78.83866666666836,58.20866666666705,65536,42761.767417229064,6553600,0,0.0,1.0,0.06562432045586741,0.07952535198238889
striped,1,none,0.0,0.0,78.83866666666766,78.83866666666836,78.83866666666836,58.20866666666705,65536,42855.57933964477,6553600,0,0.0,0.0,0.26249728182346965,0.07952535198238889
striped,1,none,200.0,0.0,78.83866666666766,78.83866666666836,78.83866666666836,58.20866666666705,65536,42855.57933964477,6553600,0,0.0,0.0,0.26249728182346965,0.07952535198238889
striped,1,none,250.0,0.0,78.83866666666766,78.83866666666836,78.83866666666836,58.20866666666705,65536,42855.57933964477,6553600,0,0.0,0.0,0.26249728182346965,0.07952535198238889
striped,1,none,280.0,0.0,78.83866666666766,78.83866666666836,78.83866666666836,58.20866666666705,65536,42855.57933964477,6553600,0,0.0,0.0,0.26249728182346965,0.07952535198238889
striped,1,none,300.0,0.0,78.83866666666766,78.83866666666836,78.83866666666836,58.20866666666705,65536,42855.57933964477,6553600,0,0.0,0.0,0.26249728182346965,0.07952535198238889
striped,1,fixed,0.0,0.0,78.83866666666766,78.83866666666836,78.83866666666836,58.20866666666705,65536,42855.57933964477,6553600,0,0.0,1.0,0.26249728182346965,0.07952535198238889
striped,1,fixed,0.0,20.0,58.83866666666767,58.83866666666836,58.83866666666836,38.20866666666706,65536,42937.53027264125,6553600,0,0.0,1.0,0.2629992444030438,0.07967742498880372
striped,1,fixed,0.0,40.0,38.83866666666767,38.83866666666836,38.83866666666836,18.208666666667057,65536,43019.795228818315,6553600,0,0.0,1.0,0.26350313042485357,0.07983008071523665
striped,1,fixed,0.0,60.0,18.838666666667663,18.83866666666836,18.83866666666836,1.0319999999999134,65536,43546.35537754797,6553600,0,0.0,1.0,0.26400895096561666,0.07998332251745523
striped,1,fixed,0.0,80.0,4.127999999999654,4.128000000000611,4.128000000000611,1.0319999999999134,65536,52017.45768602603,6553600,0,1.0,0.0,0.26438224007496564,0.08009641301350133
striped,1,fixed,0.0,120.0,4.127999999999654,4.128000000000611,4.128000000000611,1.0319999999999134,131072,77213.61059763965,6553600,0,1.0,0.0,0.26438224007496564,0.08009641301350133
striped,1,fixed,200.0,0.0,78.83866666666766,78.83866666666836,78.83866666666836,58.20866666666705,65536,42855.57933964477,6553600,0,0.0,1.0,0.26249728182346965,0.07952535198238889
striped,1,fixed,200.0,20.0,58.83866666666767,58.83866666666836,58.83866666666836,38.20866666666706,65536,42937.53027264125,6553600,0,0.0,1.0,0.2629992444030438,0.07967742498880372
striped,1,fixed,200.0,40.0,38.83866666666767,38.83866666666836,38.83866666666836,18.208666666667057,65536,43019.795228818315,6553600,0,0.0,1.0,0.26350313042485357,0.07983008071523665
striped,1,fixed,200.0,60.0,18.838666666667663,18.83866666666836,18.83866666666836,1.0319999999999134,65536,43546.35537754797,6553600,0,0.0,1.0,0.26400895096561666,0.07998332251745523
striped,1,fixed,200.0,80.0,4.127999999999654,4.128000000000611,4.128000000000611,1.0319999999999134,65536,52017.45768602603,6553600,0,1.0,0.0,0.26438224007496564,0.08009641301350133
striped,1,fixed,200.0,120.0,4.127999999999654,4.128000000000611,4.128000000000611,1.0319999999999134,131072,64615.534141832766,6553600,0,1.0,0.0,0.26438224007496564,0.08009641301350133
striped,1,fixed,250.0,0.0,78.83866666666766,78.83866666666836,78.83866666666836,58.20866666666705,65536,42855.57933964477,6553600,0,0.0,1.0,0.26249728182346965,0.07952535198238889
striped,1,fixed,250.0,20.0,58.83866666666767,58.83866666666836,58.83866666666836,38.20866666666706,65536,42937.53027264125,6553600,0,0.0,1.0,0.2629992444030438,0.07967742498880372
striped,1,fixed,250.0,40.0,38.83866666666767,38.83866666666836,38.83866666666836,18.208666666667057,65536,43019.795228818315,6553600,0,0.0,1.0,0.26350313042485357,0.07983008071523665
striped,1,fixed,250.0,60.0,28.838666666667674,28.83866666666836,28.83866666666836,8.208666666667055,65536,43061.046030181584,6553600,0,0.0,1.0,0.263755798184752,0.0799066281461317
striped,1,fixed,250.0,80.0,28.838666666667674,28.83866666666836,28.83866666666836,8.208666666667055,65536,43061.046030181584,6553600,0,0.0,1.0,0.263755798184752,0.0799066281461317
striped,1,fixed,250.0,120.0,28.838666666667674,28.83866666666836,28.83866666666836,8.208666666667055,65536,43061.046030181584,6553600,0,0.0,1.0,0.263755798184752,0.0799066281461317
striped,1,fixed,280.0,0.0,78.83866666666766,78.83866666666836,78.83866666666836,58.20866666666705,65536,42855.57933964477,6553600,0,0.0,1.0,0.26249728182346965,0.07952535198238889
striped,1,fixed,280.0,20.0,58.83866666666767,58.83866666666836,58.83866666666836,38.20866666666706,65536,42937.53027264125,6553600,0,0.0,1.0,0.2629992444030438,0.07967742498880372
striped,1,fixed,280.0,40.0,58.83866666666767,58.83866666666836,58.83866666666836,38.20866666666706,65536,42937.53027264125,6553600,0,0.0,1.0,0.2629992444030438,0.07967742498880372
striped,1,fixed,280.0,60.0,58.83866666666767,58.83866666666836,58.83866666666836,38.20866666666706,65536,42937.53027264125,6553600,0,0.0,1.0,0.2629992444030438,0.07967742498880372
striped,1,fixed,280.0,80.0,58.83866666666767,58.83866666666836,58.83866666666836,38.20866666666706,65536,42937.53027264125,6553600,0,0.0,1.0,0.2629992444030438,0.07967742498880372
striped,1,fixed,280.0,120.0,58.83866666666767,58.83866666666836,58.83866666666836,38.20866666666706,65536,42937.53027264125,6553600,0,0.0,1.0,0.2629992444030438,0.07967742498880372
striped,1,fixed,300.0,0.0,78.83866666666766,78.83866666666836,78.83866666666836,58.20866666666705,65536,42855.57933964477,6553600,0,0.0,1.0,0.26249728182346965,0.07952535198238889
striped,1,fixed,300.0,20.0,78.83866666666766,78.83866666666836,78.83866666666836,58.20866666666705,65536,42855.57933964477,6553600,0,0.0,1.0,0.26249728182346965,0.07952535198238889
striped,1,fixed,300.0,40.0,78.83866666666766,78.83866666666836,78.83866666666836,58.20866666666705,65536,42855.57933964477,6553600,0,0.0,1.0,0.26249728182346965,0.07952535198238889
striped,1,fixed,300.0,60.0,78.83866666666766,78.83866666666836,78.83866666666836,58.20866666666705,65536,42855.57933964477,6553600,0,0.0,1.0,0.26249728182346965,0.07952535198238889
striped,1,fixed,300.0,80.0,78.83866666666766,78.83866666666836,78.83866666666836,58.20866666666705,65536,42855.57933964477,6553600,0,0.0,1.0,0.26249728182346965,0.07952535198238889
striped,1,fixed,300.0,120.0,78.83866666666766,78.83866666666836,78.83866666666836,58.20866666666705,65536,42855.57933964477,6553600,0,0.0,1.0,0.26249728182346965,0.07952535198238889
striped,1,adaptive,0.0,0.0,4.128000000000484,4.128000000001521,4.128000000001521,1.0320000000007434,65536,44138.41070262435,6553600,0,0.27,0.73,0.26438224007496564,0.08009641301350132
striped,1,adaptive,200.0,0.0,4.128000000000484,4.128000000001521,4.128000000001521,1.0320000000007434,65536,44138.41070262435,6553600,0,0.27,0.73,0.26438224007496564,0.08009641301350132
striped,1,adaptive,250.0,0.0,28.838666666667674,28.83866666666836,28.83866666666836,8.208666666667055,65536,43061.046030181584,6553600,0,0.0,1.0,0.263755798184752,0.0799066281461317
striped,1,adaptive,280.0,0.0,58.83866666666767,58.83866666666836,58.83866666666836,38.20866666666706,65536,42937.53027264125,6553600,0,0.0,1.0,0.2629992444030438,0.07967742498880372
striped,1,adaptive,300.0,0.0,78.83866666666766,78.83866666666836,78.83866666666836,58.20866666666705,65536,42855.57933964477,6553600,0,0.0,1.0,0.26249728182346965,0.07952535198238889
striped,4,none,0.0,0.0,61.3046666666668,61.3046666666678,61.3046666666678,58.20866666666705,65536,37435.224682300905,6553600,0,0.0,0.0,0.06573431217024123,0.07965864295957478
striped,4,none,200.0,0.0,61.3046666666668,61.3046666666678,61.3046666666678,58.20866666666705,65536,37435.224682300905,6553600,0,0.0,0.0,0.06573431217024123,0.07965864295957478
striped,4,none,250.0,0.0,61.3046666666668,61.3046666666678,61.3046666666678,58.20866666666705,65536,37435.224682300905,6553600,0,0.0,0.0,0.06573431217024123,0.07965864295957478
striped,4,none,280.0,0.0,61.3046666666668,61.3046666666678,61.3046666666678,58.20866666666705,65536,37435.224682300905,6553600,0,0.0,0.0,0.06573431217024123,0.07965864295957478
striped,4,none,300.0,0.0,61.3046666666668,61.3046666666678,61.3046666666678,58.20866666666705,65536,37435.224682300905,6553600,0,0.0,0.0,0.06573431217024123,0.07965864295957478
striped,4,fixed,0.0,0.0,61.3046666666668,61.3046666666678,61.3046666666678,58.20866666666705,65536,37435.224682300905,6553600,0,0.0,1.0,0.06573431217024123,0.07965864295957478
striped,4,fixed,0.0,20.0,41.3046666666668,41.3046666666678,41.3046666666678,38.20866666666706,65536,37506.930711149595,6553600,0,0.0,1.0,0.06586022423634556,0.07981122665577489
striped,4,fixed,0.0,40.0,21.304666666666797,21.3046666666678,21.3046666666678,18.208666666667057,65536,37578.911968604094,6553600,0,0.0,1.0,0.0659866195896011,0.07996439601260419
striped,4,fixed,0.0,60.0,4.127999999999654,4.128000000000611,4.128000000000611,1.0319999999999134,65536,39419.38123021932,6553600,0,1.0,0.0,0.06609556001874141,0.08009641301350133
striped,4,fixed,0.0,80.0,4.127999999999654,4.128000000000611,4.128000000000611,1.0319999999999134,65536,52017.45768602603,6553600,0,1.0,0.0,0.06609556001874141,0.08009641301350133
striped,4,fixed,0.0,120.0,4.127999999999654,4.128000000000611,4.128000000000611,1.0319999999999134,131072,77213.61059763965,6553600,0,1.0,0.0,0.06609556001874141,0.08009641301350133
striped,4,fixed,200.0,0.0,61.3046666666668,61.3046666666678,61.3046666666678,58.20866666666705,65536,37435.224682300905,6553600,0,0.0,1.0,0.06573431217024123,0.07965864295957478
striped,4,fixed,200.0,20.0,41.3046666666668,41.3046666666678,41.3046666666678,38.20866666666706,65536,37506.930711149595,6553600,0,0.0,1.0,0.06586022423634556,0.07981122665577489
striped,4,fixed,200.0,40.0,21.304666666666797,21.3046666666678,21.3046666666678,18.208666666667057,65536,37578.911968604094,6553600,0,0.0,1.0,0.0659866195896011,0.07996439601260419
striped,4,fixed,200.0,60.0,4.127999999999654,4.128000000000611,4.128000000000611,1.0319999999999134,65536,39419.38123021932,6553600,0,1.0,0.0,0.06609556001874141,0.08009641301350133
striped,4,fixed,200.0,80.0,4.127999999999654,4.128000000000611,4.128000000000611,1.0319999999999134,65536,52017.45768602603,6553600,0,1.0,0.0,0.06609556001874141,0.08009641301350133
striped,4,fixed,200.0,120.0,4.127999999999654,4.128000000000611,4.128000000000611,1.0319999999999134,131072,64615.534141832766,6553600,0,1.0,0.0,0.06609556001874141,0.08009641301350133
striped,4,fixed,250.0,0.0,61.3046666666668,61.3046666666678,61.3046666666678,58.20866666666705,65536,37435.224682300905,6553600,0,0.0,1.0,0.06573431217024123,0.07965864295957478
striped,4,fixed,250.0,20.0,41.3046666666668,41.3046666666678,41.3046666666678,38.20866666666706,65536,37506.930711149595,6553600,0,0.0,1.0,0.06586022423634556,0.07981122665577489
striped,4,fixed,250.0,40.0,21.304666666666797,21.3046666666678,21.3046666666678,18.208666666667057,65536,37578.911968604094,6553600,0,0.0,1.0,0.0659866195896011,0.07996439601260419
striped,4,fixed,250.0,60.0,11.304666666666797,11.3046666666678,11.3046666666678,8.208666666667055,65536,37615.00630372513,6553600,0,0.0,1.0,0.06604999936927546,0.08004120136848684
striped,4,fixed,250.0,80.0,11.304666666666797,11.3046666666678,11.3046666666678,8.208666666667055,65536,37615.00630372513,6553600,0,0.0,1.0,0.06604999936927546,0.08004120136848684
striped,4,fixed,250.0,120.0,11.304666666666797,11.3046666666678,11.3046666666678,8.208666666667055,65536,37615.00630372513,6553600,0,0.0,1.0,0.06604999936927546,0.08004120136848684
striped,4,fixed,280.0,0.0,61.3046666666668,61.3046666666678,61.3046666666678,58.20866666666705,65536,37435.224682300905,6553600,0,0.0,1.0,0.06573431217024123,0.07965864295957478
striped,4,fixed,280.0,20.0,41.3046666666668,41.3046666666678,41.3046666666678,38.20866666666706,65536,37506.930711149595,6553600,0,0.0,1.0,0.06586022423634556,0.07981122665577489
striped,4,fixed,280.0,40.0,41.3046666666668,41.3046666666678,41.3046666666678,38.20866666666706,65536,37506.930711149595,6553600,0,0.0,1.0,0.06586022423634556,0.07981122665577489
striped,4,fixed,280.0,60.0,41.3046666666668,41.3046666666678,41.3046666666678,38.20866666666706,65536,37506.930711149595,6553600,0,0.0,1.0,0.06586022423634556,0.07981122665577489
striped,4,fixed,280.0,80.0,41.3046666666668,41.3046666666678,41.3046666666678,38.20866666666706,65536,37506.930711149595,6553600,0,0.0,1.0,0.06586022423634556,0.07981122665577489
striped,4,fixed,280.0,120.0,41.3046666666668,41.3046666666678,41.3046666666678,38.20866666666706,65536,37506.930711149595,6553600,0,0.0,1.0,0.06586022423634556,0.07981122665577489
striped,4,fixed,300.0,0.0,61.3046666666668,61.3046666666678,61.3046666666678,58.20866666666705,65536,37435.224682300905,6553600,0,0.0,1.0,0.06573431217024123,0.07965864295957478
striped,4,fixed,300.0,20.0,61.3046666666668,61.3046666666678,61.3046666666678,58.20866666666705,65536,37435.224682300905,6553600,0,0.0,1.0,0.06573431217024123,0.07965864295957478
striped,4,fixed,300.0,40.0,61.3046666666668,61.3046666666678,61.3046666666678,58.20866666666705,65536,37435.224682300905,6553600,0,0.0,1.0,0.06573431217024123,0.07965864295957478
striped,4,fixed,300.0,60.0,61.3046666666668,61.3046666666678,61.3046666666678,58.20866666666705,65536,37435.224682300905,6553600,0,0.0,1.0,0.06573431217024123,0.07965864295957478
striped,4,fixed,300.0,80.0,61.3046666666668,61.3046666666678,61.3046666666678,58.20866666666705,65536,37435.224682300905,6553600,0,0.0,1.0,0.06573431217024123,0.07965864295957478
striped,4,fixed,300.0,120.0,61.3046666666668,61.3046666666678,61.3046666666678,58.20866666666705,65536,37435.224682300905,6553600,0,0.0,1.0,0.06573431217024123,0.07965864295957478
striped,4,adaptive,0.0,0.0,4.127999999999654,4.128000000000611,4.128000000000611,1.0319999999999134,65536,37640.95277054161,6553600,0,1.0,0.0,0.06609556001874141,0.08009641301350133
striped,4,adaptive,200.0,0.0,4.127999999999654,4.128000000000611,4.128000000000611,1.0319999999999134,65536,37640.95277054161,6553600,0,1.0,0.0,0.06609556001874141,0.08009641301350133
striped,4,adaptive,250.0,0.0,11.304666666666797,11.3046666666678,11.3046666666678,8.208666666667055,65536,37615.00630372513,6553600,0,0.0,1.0,0.06604999936927546,0.08004120136848684
striped,4,adaptive,280.0,0.0,41.3046666666668,41.3046666666678,41.3046666666678,38.20866666666706,65536,37506.930711149595,6553600,0,0.0,1.0,0.06586022423634556,0.07981122665577489
striped,4,adaptive,300.0,0.0,61.3046666666668,61.3046666666678,61.3046666666678,58.20866666666705,65536,37435.224682300905,6553600,0,0.0,1.0,0.06573431217024123,0.07965864295957478
