case,comparison,mode,requests,outstanding,period_us,buffer_budget_bytes,total_descriptors,accuracy,lead_us,prefetch_limit,throttle,runtime_s,throughput_gbps,completion_span_us,host_ceiling_gbps,mean_request_latency_us,p95_request_latency_us,mean_request_service_us,mean_first_data_latency_us,mean_burst_latency_us,peak_outstanding,peak_lookup_active,peak_lookup_queue,buffer_peak_bytes,nand_bytes,ready_hit_at_ar,ready_hit_at_lookup,late_hit_at_ar,mean_lookup_wait_us,max_lookup_wait_us,mean_ar_to_lookup_done_us,mean_host_decision_us,prefetch_decision_us,r_idle_us,hol_idle_us,used_nand_channels,nand_raw_ceiling_gbps,sum_port_tail_throughput_gbps,tail_throughput_gbps,p50_request_latency_us,p99_request_latency_us,nand_utilization,r_utilization,buffer_mean_bytes,total_descriptor_peak,prediction_descriptor_peak,prediction_dropped,prefetch_issued,prefetch_wrong,useful_prefetch_ratio,waste_prefetch_ratio,prefetch_peak_descriptors,prefetch_queue_area_us,prefetch_max_wait_us,demand_max_nand_queue_us,prefetch_unissued,preparation_nand_bytes,preparation_active_span_us,preparation_lead_us,end_to_end_gbps,drain_us,initial_gbps,middle_gbps,late_gbps
legacy_none_502,legacy,none,128,502,0.0,8388608,,1,0,0,False,1.121271875000275,13.40776436778849,625.6530000000021,256.0,317.83283333336107,596.349000000002,10.013161458330615,317.5776666666951,9.57721373494466,2008,2000,8,131072,8388608,0.0,0.0,0.0,0.00082245885082044,0.001333333333604969,0.5008224588508204,0.0,0.0,2371.5399999733054,0.0,128,307.2,13.418509418509379,13.418509418509379,,,,,,,,,,,,,,,,,,,,,,,,,
legacy_ready_502,legacy,ready,128,502,0.0,8388608,,1,0,0,False,0.9864180000004126,252.14487956706543,33.269000006675924,256.0,17.01300000336414,31.733000006363,0.7570000000523578,16.75799219081219,0.5019999694828293,2008,2000,4,8388608,8388608,1.0,1.0,0.0,0.0004999983310699507,0.0010000000002037268,0.50049999833107,0.0,0.0,2.004000000000815,0.0,128,307.2,255.99999994784594,255.99999994784594,,,,,,,,,,,,,,,,,,,,,,,,,
legacy_none_10000,legacy,none,128,10000,0.0,8388608,,1,0,0,False,1.0092087919992991,197.26452095292572,42.524666673343745,256.0,26.268666670031962,40.98866667303082,10.012666666720179,26.01366666998001,9.757666666668229,39032,2000,4,2392064,8388608,0.0,0.0,0.0,0.0004999983310699507,0.0010000000002037268,0.50049999833107,0.0,0.0,39.0266666666721,0.0,128,307.2,255.99999994784594,255.99999994784594,,,,,,,,,,,,,,,,,,,,,,,,,
legacy_ready_10000,legacy,ready,128,10000,0.0,8388608,,1,0,0,False,0.9758440000005066,252.14487956706543,33.269000006675924,256.0,17.01300000336414,31.733000006363,0.7570000000523578,16.75799219081219,0.5019999694828293,2008,2000,4,8388608,8388608,1.0,1.0,0.0,0.0004999983310699507,0.0010000000002037268,0.50049999833107,0.0,0.0,2.004000000000815,0.0,128,307.2,255.99999994784594,255.99999994784594,,,,,,,,,,,,,,,,,,,,,,,,,
host_0_128_demand_False,same_host,demand,64,128,0,8388608,,1.0,10.0,128,False,0.9467556669997066,3.3577246619835894,1249.1506666666937,256.0,634.3966666666942,1190.6026666666949,19.64299479169256,624.5116666666681,9.757997395833343,512,512,8,32768,4194304,0.0,0.0,0.0,0.0008307291522458016,0.001333333333604969,0.5008307291522458,0.0,0.0,4931.066666653423,0.0,128,307.2,3.3580651772904346,3.3580651772904346,624.6386666666949,1249.1506666666937,0.011010147695020815,0.013116111963545502,31296.232332865096,512,0,0,0,0,0,0,0,0.0,0,0.0,0,0,0,0,3.3577246619835894,0.0,3.356703530285214,3.3580651772904346,3.358065177290415
host_0_128_ready_False,same_host,ready,64,128,0,8388608,,1.0,10000,128,False,1.5548884170002566,65.14614106205418,64.3830000000271,256.0,32.757000000025926,61.37100000002465,1.1319843750257519,32.12700000000024,0.5019999389648533,512,512,4,4194304,4194304,1.0,1.0,0.0,0.0005077514583196052,0.0010000000002037268,0.5005077514583196,0.0,0.0,191.99599998675694,0.0,128,307.2,65.27490039840514,65.27490039840514,32.255000000026484,64.3830000000271,0.0,0.25447711357549296,2115555.7848504097,512,256,0,256,0,1.0,0.0,128,1184.8533333332743,9.256666666666206,0,0,4194304,18.51333333333241,10000,0.4167472561407876,0.0,64.76289296513016,65.27490039840514,65.27490039839773
host_0_128_online_False,same_host,online,64,128,0,8388608,,1.0,10.0,128,False,0.919246875000681,6.30227069651497,665.5226666666931,256.0,194.23683333335998,606.9746666666942,10.524307291692367,188.9793437500009,5.198403645833338,512,512,8,2097152,4194304,0.4921875,0.4921875,0.0078125,0.0006705118709935398,0.001333333333604969,0.5006705118709935,0.0,0.0,2596.554666653421,0.0,128,307.2,3.3580669696589474,3.3580669696589474,41.01100000002407,665.5226666666931,0.02066546193267667,0.024618244913276997,108672.13796487004,640,128,128,128,0,1.0,0.0,128,0.0,0.0,0.0,0,0,0,0,6.30227069651497,0.0,42.03214815404356,6.387530851537919,3.358065177290454
host_0_128_online_True,same_host,online,64,128,0,8388608,,1.0,10.0,128,True,0.9307770420000452,6.30227069651497,665.5226666666931,256.0,194.23683333335998,606.9746666666942,10.524307291692367,188.9793437500009,5.198403645833338,512,512,8,2097152,4194304,0.4921875,0.4921875,0.0078125,0.0006705118709935398,0.001333333333604969,0.5006705118709935,0.0,0.0,2596.554666653421,0.0,128,307.2,3.3580669696589474,3.3580669696589474,41.01100000002407,665.5226666666931,0.02066546193267667,0.024618244913276997,108672.13796487004,640,128,128,128,0,1.0,0.0,128,0.0,0.0,0.0,0,0,0,0,6.30227069651497,0.0,42.03214815404356,6.387530851537919,3.358065177290454
host_0_502_demand_False,same_host,demand,64,502,0,8388608,,1.0,10.0,128,False,0.988456999999471,13.397036511784592,313.07700000000114,256.0,161.54483333336066,303.05266666672105,10.013156249997337,161.28966666669476,9.577208719889402,2008,2000,8,131072,4194304,0.0,0.0,0.0,0.0008174437962982228,0.0013333333299669903,0.5008174437962982,0.0,0.0,1186.771999986653,0.0,128,307.2,13.418509418509379,13.418509418509379,156.78900000000067,313.07700000000114,0.043929555136065446,0.05233217388482003,124869.86985797608,2008,0,0,0,0,0,0,0,0.0,0,0.0,0,0,0,0,13.397036511784592,0.0,13.333028164536769,13.418509418509379,13.418509418509379
host_0_502_ready_False,same_host,ready,64,502,0,8388608,,1.0,10000,128,False,1.4896507499997824,248.4041456423341,16.885000003338064,256.0,8.82100000169521,16.1170000031816,0.7570000000523578,8.565984376643257,0.5019999389652512,2008,2000,4,4194304,4194304,1.0,1.0,0.0,0.0004999991655354474,0.0010000000002037268,0.5004999991655354,0.0,0.0,2.004000000000815,0.0,128,307.2,255.99999994784594,255.99999994784594,8.693000001669134,16.885000003338064,0.0,0.9703286941130496,2167326.171145604,2008,256,0,256,0,1.0,0.0,128,1184.8533333332743,9.256666666666206,0,0,4194304,18.51333333333241,10000,0.41872338556333655,0.0,228.10006521853646,255.99999994784594,255.99999994784594
host_0_502_online_False,same_host,online,64,502,0,8388608,,1.0,10.0,128,False,0.9538092920001873,24.141685421067336,173.737000000001,256.0,56.91491145874977,163.7126666667209,5.658703124999192,56.65982291708201,5.307880106608149,2008,2000,8,2097152,4194304,0.4693603515625,0.4693603515625,0.0306396484375,0.000663940174417732,0.0013333333299669903,0.5006639401744177,0.0,0.0,629.4119999866525,0.0,128,307.2,13.418509418643689,13.418509418643689,17.449000001564855,173.737000000001,0.07916179819689492,0.09430345869525643,274076.81389088,2135,128,128,128,0,1.0,0.0,128,0.0,0.0,0.0,0,0,0,0,24.141685421067336,0.0,78.52737212181866,25.500389105284604,13.418509418509379
host_0_502_online_True,same_host,online,64,502,0,8388608,,1.0,10.0,128,True,0.9478196250001929,24.141685421067336,173.737000000001,256.0,56.91491145874977,163.7126666667209,5.658703124999192,56.65982291708201,5.307880106608149,2008,2000,8,2097152,4194304,0.4693603515625,0.4693603515625,0.0306396484375,0.000663940174417732,0.0013333333299669903,0.5006639401744177,0.0,0.0,629.4119999866525,0.0,128,307.2,13.418509418643689,13.418509418643689,17.449000001564855,173.737000000001,0.07916179819689492,0.09430345869525643,274076.81389088,2135,128,128,128,0,1.0,0.0,128,0.0,0.0,0.0,0,0,0,0,24.141685421067336,0.0,78.52737212181866,25.500389105284604,13.418509418509379
host_0_2000_demand_False,same_host,demand,64,2000,0,8388608,,1.0,10.0,128,False,1.0803848340001423,52.13769785337927,80.44666666708508,256.0,45.22966666690263,79.67866666692862,10.0129583333769,44.97466666685068,9.576131184897196,8000,2000,8,524288,4194304,0.0,0.0,0.0,0.0007926430329625589,0.001333333333604969,0.5007926430329626,0.0,0.0,256.2506666549889,0.0,128,307.2,53.46604119926802,53.46604119926802,41.22266666708674,80.44666666708508,0.17096212811712702,0.20366288228125437,485958.10246869514,8000,0,0,0,0,0,0,0,0.0,0,0.0,0,0,0,0,52.13769785337927,0.0,48.52122408592973,53.46604119926802,53.46604119926306
host_0_2000_ready_False,same_host,ready,64,2000,0,8388608,,1.0,10000,128,False,1.4865639580002608,248.4041456423341,16.885000003338064,256.0,8.82100000169521,16.1170000031816,0.7570000000523578,8.565984376643257,0.5019999389652512,2008,2000,4,4194304,4194304,1.0,1.0,0.0,0.0004999991655354474,0.0010000000002037268,0.5004999991655354,0.0,0.0,2.004000000000815,0.0,128,307.2,255.99999994784594,255.99999994784594,8.693000001669134,16.885000003338064,0.0,0.9703286941130496,2167326.171145604,2008,256,0,256,0,1.0,0.0,128,1184.8533333332743,9.256666666666206,0,0,4194304,18.51333333333241,10000,0.41872338556333655,0.0,228.10006521853646,255.99999994784594,255.99999994784594
host_0_2000_online_False,same_host,online,64,2000,0,8388608,,1.0,10.0,128,False,1.1236468329998388,74.0092931331234,56.67266666708383,256.0,27.274166667215923,55.90466666692737,7.041208333376744,27.019166667163972,6.674031575522044,8000,2000,8,2097152,4194304,0.3779296875,0.3779296875,0.1220703125,0.0007926427195188435,0.001333333333604969,0.5007926427195188,0.0,0.0,161.15466665498388,0.0,128,307.2,53.466041200973876,53.466041200973876,17.448666668336955,56.67266666708383,0.2426801868019758,0.28909880136016053,840202.8352151758,8104,128,128,128,0,1.0,0.0,128,0.0,0.0,0.0,0,0,0,0,74.0092931331234,0.0,78.52933246300589,88.45756706752148,53.46604119927298
host_0_2000_online_True,same_host,online,64,2000,0,8388608,,1.0,10.0,128,True,1.1581262500003504,74.0092931331234,56.67266666708383,256.0,27.274166667215923,55.90466666692737,7.041208333376744,27.019166667163972,6.674031575522044,8000,2000,8,2097152,4194304,0.3779296875,0.3779296875,0.1220703125,0.0007926427195188435,0.001333333333604969,0.5007926427195188,0.0,0.0,161.15466665498388,0.0,128,307.2,53.466041200973876,53.466041200973876,17.448666668336955,56.67266666708383,0.2426801868019758,0.28909880136016053,840202.8352151758,8104,128,128,128,0,1.0,0.0,128,0.0,0.0,0.0,0,0,0,0,74.0092931331234,0.0,78.52933246300589,88.45756706752148,53.46604119927298
host_0_4000_demand_False,same_host,demand,64,4000,0,8388608,,1.0,10.0,128,False,1.35783179200007,85.29746878337792,49.17266666672003,256.0,27.07354166707995,42.646666667384125,10.2828229166754,26.54863541706652,9.712934244793303,16000,2000,8,1032192,4194304,0.0,0.0,0.0,0.0007519527697945616,0.001333333333604969,0.5007519527697946,0.0,0.0,131.1546666535287,0.0,128,307.2,106.41120357202286,106.41120357202286,29.464666666695848,49.17266666672003,0.27969468132673475,0.3331932375029504,795029.2740670125,16000,0,0,0,0,0,0,0,0.0,0,0.0,0,0,0,0,85.29746878337792,0.0,53.46967636656157,106.41120357202286,106.41120357200322
host_0_4000_ready_False,same_host,ready,64,4000,0,8388608,,1.0,10000,128,False,1.4839959170003567,248.4041456423341,16.885000003338064,256.0,8.82100000169521,16.1170000031816,0.7570000000523578,8.565984376643257,0.5019999389652512,2008,2000,4,4194304,4194304,1.0,1.0,0.0,0.0004999991655354474,0.0010000000002037268,0.5004999991655354,0.0,0.0,2.004000000000815,0.0,128,307.2,255.99999994784594,255.99999994784594,8.693000001669134,16.885000003338064,0.0,0.9703286941130496,2167326.171145604,2008,256,0,256,0,1.0,0.0,128,1184.8533333332743,9.256666666666206,0,0,4194304,18.51333333333241,10000,0.41872338556333655,0.0,228.10006521853646,255.99999994784594,255.99999994784594
host_0_4000_online_False,same_host,online,64,4000,0,8388608,,1.0,10.0,128,False,1.4416071659998124,97.73591002293153,42.91466666669294,256.0,22.075104167298093,36.38866666736067,8.6283541666823,21.640166667271842,8.140117838543958,16000,2000,8,2097152,4194304,0.255859375,0.255859375,0.244140625,0.0007519525554984252,0.0013333333299669903,0.5007519525554984,0.0,0.0,106.12266665342031,0.0,128,307.2,82.35105631569098,82.35105631569098,17.448666668336955,42.91466666669294,0.320480954452066,0.3817808986048553,1109563.2079150362,16073,128,128,128,0,1.0,0.0,128,0.0,0.0,0.0,0,0,0,0,97.73591002293153,0.0,78.52933246300589,106.41120357658,106.4112035720425
host_0_4000_online_True,same_host,online,64,4000,0,8388608,,1.0,10.0,128,True,1.5331422089993794,97.73591002293153,42.91466666669294,256.0,22.075104167298093,36.38866666736067,8.6283541666823,21.640166667271842,8.140117838543958,16000,2000,8,2097152,4194304,0.255859375,0.255859375,0.244140625,0.0007519525554984252,0.0013333333299669903,0.5007519525554984,0.0,0.0,106.12266665342031,0.0,128,307.2,82.35105631569098,82.35105631569098,17.448666668336955,42.91466666669294,0.320480954452066,0.3817808986048553,1109563.2079150362,16073,128,128,128,0,1.0,0.0,128,0.0,0.0,0.0,0,0,0,0,97.73591002293153,0.0,78.52933246300589,106.41120357658,106.4112035720425
host_0_6000_demand_False,same_host,demand,64,6000,0,8388608,,1.0,10.0,128,False,1.619443790999867,124.62030305703124,33.65666666755351,256.0,21.48235416725248,32.88866666739705,10.071593750031184,21.16863541721966,9.750538085938224,24000,2000,8,1540096,4194304,0.0,0.0,0.0,0.000711262564026649,0.0013333333299669903,0.5007112625640266,0.0,0.0,69.0906666568626,0.0,128,307.2,175.49389120691387,175.49389120691387,21.706666667112586,33.65666666755351,0.4086362285720001,0.4867980589157021,1161544.304737585,24000,0,0,0,0,0,0,0,0.0,0,0.0,0,0,0,0,124.62030305703124,0.0,75.69488425357807,133.5085306916601,255.99999994784594
host_0_6000_ready_False,same_host,ready,64,6000,0,8388608,,1.0,10000,128,False,1.4813888329999827,248.4041456423341,16.885000003338064,256.0,8.82100000169521,16.1170000031816,0.7570000000523578,8.565984376643257,0.5019999389652512,2008,2000,4,4194304,4194304,1.0,1.0,0.0,0.0004999991655354474,0.0010000000002037268,0.5004999991655354,0.0,0.0,2.004000000000815,0.0,128,307.2,255.99999994784594,255.99999994784594,8.693000001669134,16.885000003338064,0.0,0.9703286941130496,2167326.171145604,2008,256,0,256,0,1.0,0.0,128,1184.8533333332743,9.256666666666206,0,0,4194304,18.51333333333241,10000,0.41872338556333655,0.0,228.10006521853646,255.99999994784594,255.99999994784594
host_0_6000_online_False,same_host,online,64,6000,0,8388608,,1.0,10.0,128,False,1.7321933749999516,126.49956770716678,33.156666667109675,256.0,19.984135417356242,32.38866666695321,9.414343750018247,19.67041666732348,9.068323242188782,24000,2000,8,2097152,4194304,0.1337890625,0.1337890625,0.3662109375,0.0007112624607950035,0.0013333333299669903,0.500711262460795,0.0,0.0,67.09066665508726,0.0,128,307.2,133.50853069543243,133.50853069543243,17.448666668336955,33.156666667109675,0.4147984316824244,0.4941389364567895,1436107.4257428648,24042,128,128,128,0,1.0,0.0,128,0.0,0.0,0.0,0,0,0,0,126.49956770716678,0.0,78.52933246300589,175.49389121337842,133.508530691691
host_0_6000_online_True,same_host,online,64,6000,0,8388608,,1.0,10.0,128,True,1.7137011660006465,126.49956770716678,33.156666667109675,256.0,19.984135417356242,32.38866666695321,9.414343750018247,19.67041666732348,9.068323242188782,24000,2000,8,2097152,4194304,0.1337890625,0.1337890625,0.3662109375,0.0007112624607950035,0.0013333333299669903,0.500711262460795,0.0,0.0,67.09066665508726,0.0,128,307.2,133.50853069543243,133.50853069543243,17.448666668336955,33.156666667109675,0.4147984316824244,0.4941389364567895,1436107.4257428648,24042,128,128,128,0,1.0,0.0,128,0.0,0.0,0.0,0,0,0,0,126.49956770716678,0.0,78.52933246300589,175.49389121337842,133.508530691691
host_0_8000_demand_False,same_host,demand,64,8000,0,8388608,,1.0,10.0,128,False,1.9020077500008483,141.42870630511848,29.656666666745878,256.0,19.038072917472505,27.130666668221238,10.067770833335885,18.728135417471492,9.757837239584845,32000,2000,8,2048000,4194304,0.0,0.0,0.0,0.0006705723181095191,0.0013333333299669903,0.5006705723181095,0.0,0.0,53.09066665363207,0.0,128,307.2,210.76904522534463,210.76904522534463,19.70666666670877,29.656666666745878,0.463751826457141,0.5524558841169191,1318209.8286259877,32000,0,0,0,0,0,0,0,0.0,0,0.0,0,0,0,0,141.42870630511848,0.0,75.69488425357807,210.76904522526755,179.1212846161298
host_0_8000_ready_False,same_host,ready,64,8000,0,8388608,,1.0,10000,128,False,1.72245679200023,248.4041456423341,16.885000003338064,256.0,8.82100000169521,16.1170000031816,0.7570000000523578,8.565984376643257,0.5019999389652512,2008,2000,4,4194304,4194304,1.0,1.0,0.0,0.0004999991655354474,0.0010000000002037268,0.5004999991655354,0.0,0.0,2.004000000000815,0.0,128,307.2,255.99999994784594,255.99999994784594,8.693000001669134,16.885000003338064,0.0,0.9703286941130496,2167326.171145604,2008,256,0,256,0,1.0,0.0,128,1184.8533333332743,9.256666666666206,0,0,4194304,18.51333333333241,10000,0.41872338556333655,0.0,228.10006521853646,255.99999994784594,255.99999994784594
host_0_8000_online_False,same_host,online,64,8000,0,8388608,,1.0,10.0,128,False,2.0337102919993413,143.8540299529334,29.15666666670586,256.0,18.483135417503433,26.63066666818122,9.790302083341373,18.20066666747698,9.493095052084428,32000,2000,8,2097152,4194304,0.01171875,0.01171875,0.48828125,0.0006705722994977403,0.0013333333299669903,0.5006705722994977,0.0,0.0,51.090666653472,0.0,128,307.2,179.12128461668635,179.12128461668635,17.448666668336955,29.15666666670586,0.4717045844283363,0.5619298046181264,1633126.8508308118,32010,128,128,128,0,1.0,0.0,128,0.0,0.0,0.0,0,0,0,0,143.8540299529334,0.0,78.52933246300589,210.76904522611522,179.1212846161298
host_0_8000_online_True,same_host,online,64,8000,0,8388608,,1.0,10.0,128,True,2.17552091700054,143.8540299529334,29.15666666670586,256.0,18.483135417503433,26.63066666818122,9.790302083341373,18.20066666747698,9.493095052084428,32000,2000,8,2097152,4194304,0.01171875,0.01171875,0.48828125,0.0006705722994977403,0.0013333333299669903,0.5006705722994977,0.0,0.0,51.090666653472,0.0,128,307.2,179.12128461668635,179.12128461668635,17.448666668336955,29.15666666670586,0.4717045844283363,0.5619298046181264,1633126.8508308118,32010,128,128,128,0,1.0,0.0,128,0.0,0.0,0.0,0,0,0,0,143.8540299529334,0.0,78.52933246300589,210.76904522611522,179.1212846161298
host_0_10000_demand_False,same_host,demand,64,10000,0,8388608,,1.0,10.0,128,False,2.0225331669998923,160.4513019100846,26.140666670005885,256.0,18.076666668363032,25.372666669849423,10.012666666720179,17.82166666831108,9.757666666668229,39032,2000,4,2392064,4194304,0.0,0.0,0.0,0.0004999991655354474,0.0010000000002037268,0.5004999991655354,0.0,0.0,39.0266666666721,0.0,128,307.2,255.99999994784594,255.99999994784594,17.948666668336955,26.140666670005885,0.5261278722135557,0.6267628982139564,1495513.101338905,39032,0,0,0,0,0,0,0,0.0,0,0.0,0,0,0,0,160.4513019100846,0.0,75.69488425357807,255.99999994784594,255.99999994784594
host_0_10000_ready_False,same_host,ready,64,10000,0,8388608,,1.0,10000,128,False,1.5290222080002422,248.4041456423341,16.885000003338064,256.0,8.82100000169521,16.1170000031816,0.7570000000523578,8.565984376643257,0.5019999389652512,2008,2000,4,4194304,4194304,1.0,1.0,0.0,0.0004999991655354474,0.0010000000002037268,0.5004999991655354,0.0,0.0,2.004000000000815,0.0,128,307.2,255.99999994784594,255.99999994784594,8.693000001669134,16.885000003338064,0.0,0.9703286941130496,2167326.171145604,2008,256,0,256,0,1.0,0.0,128,1184.8533333332743,9.256666666666206,0,0,4194304,18.51333333333241,10000,0.41872338556333655,0.0,228.10006521853646,255.99999994784594,255.99999994784594
host_0_10000_online_False,same_host,online,64,10000,0,8388608,,1.0,10.0,128,False,2.2069332920000306,160.4513019100846,26.140666670005885,256.0,17.826666668363032,25.372666669849423,9.762666666720179,17.57166666831108,9.507666666668229,37032,2000,4,2260992,4194304,0.0,0.0,0.5,0.0004999991655354474,0.0010000000002037268,0.5004999991655354,0.0,0.0,39.0266666666721,0.0,128,307.2,241.27381495597456,241.27381495597456,17.448666668336955,26.140666670005885,0.5261278722135557,0.6267628982139564,1821550.1468866195,37032,128,128,128,0,1.0,0.0,128,0.0,0.0,0.0,0,0,0,0,160.4513019100846,0.0,78.52933246300589,241.27381495597456,255.99999994784594
host_0_10000_online_True,same_host,online,64,10000,0,8388608,,1.0,10.0,128,True,2.3045180409999375,160.4513019100846,26.140666670005885,256.0,17.826666668363032,25.372666669849423,9.762666666720179,17.57166666831108,9.507666666668229,37032,2000,4,2260992,4194304,0.0,0.0,0.5,0.0004999991655354474,0.0010000000002037268,0.5004999991655354,0.0,0.0,39.0266666666721,0.0,128,307.2,241.27381495597456,241.27381495597456,17.448666668336955,26.140666670005885,0.5261278722135557,0.6267628982139564,1821550.1468866195,37032,128,128,128,0,1.0,0.0,128,0.0,0.0,0.0,0,0,0,0,160.4513019100846,0.0,78.52933246300589,241.27381495597456,255.99999994784594
host_1.024_128_demand_False,same_host,demand,64,128,1.024,8388608,,1.0,10.0,128,False,0.9664782500003639,3.3577246619835894,1249.1506666666937,256.0,602.1406666666942,1129.1626666666962,19.64299479169256,592.2556666666682,9.757997395833343,512,512,8,32768,4194304,0.0,0.0,0.0,0.0008307291522458016,0.001333333333604969,0.5008307291522458,0.0,0.0,4931.066666653423,0.0,128,307.2,3.3580651772904346,3.3580651772904346,592.8946666666961,1184.638666666695,0.011010147695020815,0.013116111963545502,31296.232332865096,512,0,0,0,0,0,0,0,0.0,0,0.0,0,0,0,0,3.3577246619835894,0.0,3.356703530285214,3.3580651772904346,3.358065177290415
host_1.024_128_ready_False,same_host,ready,64,128,1.024,8388608,,1.0,10000,128,False,0.862489082999673,63.895678137781196,65.6430000000255,256.0,1.1310000000258924,1.1310000000266882,1.1310000000258924,0.5010000000002037,0.5019960937500105,512,512,4,4194304,4194304,1.0,1.0,0.0,0.0005039062434786246,0.0010000000002037268,0.5005039062434786,0.0,0.0,197.03599998675054,0.0,128,307.2,63.99999999999994,63.99999999999994,1.1310000000266882,1.1310000000266882,0.0,0.24959249277655648,2115202.529074346,512,40,0,256,0,1.0,0.0,40,0.0,0.0,0,0,4194304,73.76866666666501,10000,0.4166950884310112,0.0,63.58474319315178,63.99999999999994,64.00000000000705
host_1.024_128_online_False,same_host,online,64,128,1.024,8388608,,1.0,10.0,128,False,1.3222235409994028,57.34702415945781,73.13900000002468,256.0,9.257000000025869,9.827000000026601,1.2687968750256005,8.627010416666906,0.5704061889648344,512,512,8,1277952,4194304,0.9921875,0.9921875,0.0078125,0.0005102945897781375,0.0013333333299669903,0.5005102945897781,0.0,0.0,227.01999998674728,0.0,128,307.2,65.27490039840514,65.27490039840514,9.247000000024855,9.887000000024273,0.18804377053732443,0.22401181316851929,1039787.419207113,586,74,0,256,0,1.0,0.0,76,0.0,0.0,0,0,0,0,0,57.34702415945781,0.0,42.03214815404356,65.27490039840514,65.27490039841253
host_1.024_128_online_True,same_host,online,64,128,1.024,8388608,,1.0,10.0,128,True,22.39828899999975,3.9097279359672803,1072.786666666696,256.0,438.7929687500271,952.7986666666948,16.88746354169251,430.35407291666814,8.38015364583336,512,512,8,655360,4194304,0.1484375,0.1484375,0.5390625,0.0007824096547419668,0.001333333333604969,0.500782409654742,0.0,0.0,4225.610666653432,0.0,128,307.2,3.358065177290415,3.358065177290415,416.53066666669474,1008.2746666666972,0.012820194136144157,0.015272374752983582,39374.371145631994,640,128,80,40,0,1.0,0.0,40,45475.72399999995,0.0,906.7360000000008,0,0,0,0,3.9097279359672803,0.0,7.709059540845882,3.358065177290415,3.358065177290415
host_1.024_502_demand_False,same_host,demand,64,502,1.024,8388608,,1.0,10.0,128,False,1.0911453329999858,13.36426724897658,313.8446666667187,256.0,129.6726666667206,241.61266666671872,10.01298958338333,129.41766666666865,9.577677286783905,2008,1024,8,131072,4194304,0.0,0.0,0.0,0.0008231200896977597,0.001333333333604969,0.5008231200896978,0.0,0.0,1189.8426666535233,0.0,128,307.2,13.418509418509691,13.418509418509691,125.81266666672309,249.3326666667199,0.04382210307858792,0.05220416895195015,124563.88027241154,2008,0,0,0,0,0,0,0,0.0,0,0.0,0,0,0,0,13.36426724897658,0.0,13.204140397408567,13.418509418509691,13.418509418509379
host_1.024_502_ready_False,same_host,ready,64,502,1.024,8388608,,1.0,10000,128,False,1.008456292000119,64.26180882190185,65.26900000005116,256.0,0.7570000000520167,0.7570000000523578,0.7570000000520167,0.5010000000002037,0.5019960937500669,1024,1024,4,4194304,4194304,1.0,1.0,0.0,0.0004999999869756966,0.0010000000002037268,0.5004999999869757,0.0,0.0,128.25599999996484,0.0,128,307.2,63.99999999999994,63.99999999999994,0.7570000000523578,0.7570000000523578,0.0,0.25102269076169414,2115305.9609926273,1024,40,0,256,0,1.0,0.0,40,0.0,0.0,0,0,4194304,73.76866666666501,10000,0.416710571769118,0.0,65.06024694400668,63.99999999999994,64.00000000000705
host_1.024_502_online_False,same_host,online,64,502,1.024,8388608,,1.0,10.0,128,False,1.6515818750003746,64.26180882190185,65.26900000005116,256.0,1.606744791754636,7.2090000001044245,1.0186302083972691,1.3509270833710616,0.7587463379043529,2008,2000,8,1261568,4194304,0.9693603515625,0.9693603515625,0.0306396484375,0.0005102335354258969,0.0013333333299669903,0.5005102335354259,0.0,0.0,141.07199999748264,0.0,128,307.2,63.99999999999994,63.99999999999994,0.7570000000523578,9.512666666720179,0.21071769650712024,0.25102269076169414,685560.4562491202,2076,68,0,256,0,1.0,0.0,76,0.0,0.0,0,0,0,0,0,64.26180882190185,0.0,65.06024694400668,63.99999999999994,64.00000000000705
host_1.024_502_online_True,same_host,online,64,502,1.024,8388608,,1.0,10.0,128,True,8.039568000000145,18.305266419646305,229.13100000000122,256.0,59.68516145843233,156.89900000000125,7.370609375013771,59.43004166675735,6.986694803880839,2008,2000,8,770048,4194304,0.282470703125,0.294677734375,0.682373046875,0.0007253417192287781,0.0013333333299669903,0.5007253417192288,0.0,0.0,850.9879999866534,0.0,128,307.2,13.418509418509379,13.418509418509379,41.86666666671954,165.38666666671998,0.06002388735410721,0.07150494696631085,179209.29713460282,2136,128,9,88,0,1.0,0.0,44,13663.878000003351,10.666000000001077,166.0020000000004,0,0,0,0,18.305266419646305,0.0,46.671829794484054,16.317709305964406,13.418509418509379
host_1.024_2000_demand_False,same_host,demand,64,2000,1.024,8388608,,1.0,10.0,128,False,1.2314279160000297,48.87175105252677,85.82266666672149,256.0,15.66166666672018,21.310666666719044,10.0129583333769,15.40666666666823,9.591881184896131,8000,1024,8,524288,4194304,0.0,0.0,0.0,0.0007926432035183506,0.001333333333604969,0.5007926432035184,0.0,0.0,277.7546666535345,0.0,128,307.2,53.46604119926306,53.46604119926306,14.854666666720732,21.310666666722682,0.16025292463520002,0.19090527758782522,455517.3009784555,8000,0,0,0,0,0,0,0,0.0,0,0.0,0,0,0,0,48.87175105252677,0.0,38.855335968304786,53.46604119926306,53.46604119926306
host_1.024_2000_ready_False,same_host,ready,64,2000,1.024,8388608,,1.0,10000,128,False,0.8943277500002296,64.26180882190185,65.26900000005116,256.0,0.7570000000520167,0.7570000000523578,0.7570000000520167,0.5010000000002037,0.5019960937500669,1024,1024,4,4194304,4194304,1.0,1.0,0.0,0.0004999999869756966,0.0010000000002037268,0.5004999999869757,0.0,0.0,128.25599999996484,0.0,128,307.2,63.99999999999994,63.99999999999994,0.7570000000523578,0.7570000000523578,0.0,0.25102269076169414,2115305.9609926273,1024,40,0,256,0,1.0,0.0,40,0.0,0.0,0,0,4194304,73.76866666666501,10000,0.416710571769118,0.0,65.06024694400668,63.99999999999994,64.00000000000705
host_1.024_2000_online_False,same_host,online,64,2000,1.024,8388608,,1.0,10.0,128,False,1.4827669590004007,64.26180882190185,65.26900000005116,256.0,1.6066875001060907,7.208666666876525,1.5838854167715795,1.3508750000542022,1.3233695475791283,8000,2000,8,1261568,4194304,0.8779296875,0.8779296875,0.1220703125,0.0005113932146172395,0.0013333333299669903,0.5005113932146172,0.0,0.0,141.07199999748264,0.0,128,307.2,63.99999999999994,63.99999999999994,0.7570000000523578,9.512666666720179,0.21071769650712024,0.25102269076169414,685557.0256067656,8044,44,0,256,0,1.0,0.0,76,0.0,0.0,0,0,0,0,0,64.26180882190185,0.0,65.06024694400668,63.99999999999994,64.00000000000705
host_1.024_2000_online_True,same_host,online,64,2000,1.024,8388608,,1.0,10.0,128,True,1.5478421249999883,64.26180882190185,65.26900000005116,256.0,1.6965416667778186,7.208666666876525,1.6737395834433073,1.4407916667259428,1.4132239583914812,8000,2000,8,1064960,4194304,0.82989501953125,0.8310546875,0.17010498046875,0.0005113932146172395,0.0013333333299669903,0.5005113932146172,0.0,0.0,145.34399999665038,0.0,128,307.2,63.99999999999994,63.99999999999994,0.7570000000523578,9.512666666720179,0.21071769650712024,0.25102269076169414,682101.6145952235,8044,44,0,256,0,1.0,0.0,64,36.768000000025495,3.834000000002561,0,0,0,0,0,64.26180882190185,0.0,65.06024694400668,63.99999999999994,64.00000000000705
host_1.024_4000_demand_False,same_host,demand,64,4000,1.024,8388608,,1.0,10.0,128,False,1.3631131669999377,56.28074820860729,74.52466666671899,256.0,10.012666666720179,10.012666666720179,10.012666666720179,9.757666666668229,9.757666666668229,10240,1024,4,622592,4194304,0.0,0.0,0.0,0.0004999999869756966,0.0010000000002037268,0.5004999999869757,0.0,0.0,232.5626666535245,0.0,128,307.2,63.99999999999994,63.99999999999994,10.012666666720179,10.012666666720179,0.18454739817676954,0.21984667273466088,524574.0938038359,10240,0,0,0,0,0,0,0,0.0,0,0.0,0,0,0,0,56.28074820860729,0.0,41.32699230133862,63.99999999999994,64.00000000000705
host_1.024_4000_ready_False,same_host,ready,64,4000,1.024,8388608,,1.0,10000,128,False,0.8979768330000297,64.26180882190185,65.26900000005116,256.0,0.7570000000520167,0.7570000000523578,0.7570000000520167,0.5010000000002037,0.5019960937500669,1024,1024,4,4194304,4194304,1.0,1.0,0.0,0.0004999999869756966,0.0010000000002037268,0.5004999999869757,0.0,0.0,128.25599999996484,0.0,128,307.2,63.99999999999994,63.99999999999994,0.7570000000523578,0.7570000000523578,0.0,0.25102269076169414,2115305.9609926273,1024,40,0,256,0,1.0,0.0,40,0.0,0.0,0,0,4194304,73.76866666666501,10000,0.416710571769118,0.0,65.06024694400668,63.99999999999994,64.00000000000705
host_1.024_4000_online_False,same_host,online,64,4000,1.024,8388608,,1.0,10.0,128,False,1.4807362500005183,64.26180882190185,65.26900000005116,256.0,1.6066875001060907,7.208666666876525,1.6066875001060907,1.3508750000542022,1.3516843262260156,9384,1024,4,1261568,4194304,0.85687255859375,0.859375,0.14312744140625,0.0004999999869756966,0.0010000000002037268,0.5004999999869757,0.0,0.0,141.07199999748264,0.0,128,307.2,63.99999999999994,63.99999999999994,0.7570000000523578,9.512666666720179,0.21071769650712024,0.25102269076169414,685557.0256067656,9424,44,0,256,0,1.0,0.0,76,0.0,0.0,0,0,0,0,0,64.26180882190185,0.0,65.06024694400668,63.99999999999994,64.00000000000705
host_1.024_4000_online_True,same_host,online,64,4000,1.024,8388608,,1.0,10.0,128,True,1.4725051670002358,64.26180882190185,65.26900000005116,256.0,1.6066875001060907,7.208666666876525,1.6066875001060907,1.3508750000542022,1.3516843262260156,9384,1024,4,1261568,4194304,0.85687255859375,0.859375,0.14312744140625,0.0004999999869756966,0.0010000000002037268,0.5004999999869757,0.0,0.0,141.07199999748264,0.0,128,307.2,63.99999999999994,63.99999999999994,0.7570000000523578,9.512666666720179,0.21071769650712024,0.25102269076169414,685557.0256067656,9424,44,0,256,0,1.0,0.0,76,0.0,0.0,0,0,0,0,0,64.26180882190185,0.0,65.06024694400668,63.99999999999994,64.00000000000705
host_1.024_6000_demand_False,same_host,demand,64,6000,1.024,8388608,,1.0,10.0,128,False,1.3860417079995386,56.28074820860729,74.52466666671899,256.0,10.012666666720179,10.012666666720179,10.012666666720179,9.757666666668229,9.757666666668229,10240,1024,4,622592,4194304,0.0,0.0,0.0,0.0004999999869756966,0.0010000000002037268,0.5004999999869757,0.0,0.0,232.5626666535245,0.0,128,307.2,63.99999999999994,63.99999999999994,10.012666666720179,10.012666666720179,0.18454739817676954,0.21984667273466088,524574.0938038359,10240,0,0,0,0,0,0,0,0.0,0,0.0,0,0,0,0,56.28074820860729,0.0,41.32699230133862,63.99999999999994,64.00000000000705
host_1.024_6000_ready_False,same_host,ready,64,6000,1.024,8388608,,1.0,10000,128,False,0.9034738749996905,64.26180882190185,65.26900000005116,256.0,0.7570000000520167,0.7570000000523578,0.7570000000520167,0.5010000000002037,0.5019960937500669,1024,1024,4,4194304,4194304,1.0,1.0,0.0,0.0004999999869756966,0.0010000000002037268,0.5004999999869757,0.0,0.0,128.25599999996484,0.0,128,307.2,63.99999999999994,63.99999999999994,0.7570000000523578,0.7570000000523578,0.0,0.25102269076169414,2115305.9609926273,1024,40,0,256,0,1.0,0.0,40,0.0,0.0,0,0,4194304,73.76866666666501,10000,0.416710571769118,0.0,65.06024694400668,63.99999999999994,64.00000000000705
host_1.024_6000_online_False,same_host,online,64,6000,1.024,8388608,,1.0,10.0,128,False,1.4928822089996174,64.26180882190185,65.26900000005116,256.0,1.6066875001060907,7.208666666876525,1.6066875001060907,1.3508750000542022,1.3516843262260156,9384,1024,4,1261568,4194304,0.85687255859375,0.859375,0.14312744140625,0.0004999999869756966,0.0010000000002037268,0.5004999999869757,0.0,0.0,141.07199999748264,0.0,128,307.2,63.99999999999994,63.99999999999994,0.7570000000523578,9.512666666720179,0.21071769650712024,0.25102269076169414,685557.0256067656,9424,44,0,256,0,1.0,0.0,76,0.0,0.0,0,0,0,0,0,64.26180882190185,0.0,65.06024694400668,63.99999999999994,64.00000000000705
host_1.024_6000_online_True,same_host,online,64,6000,1.024,8388608,,1.0,10.0,128,True,1.4838818329999413,64.26180882190185,65.26900000005116,256.0,1.6066875001060907,7.208666666876525,1.6066875001060907,1.3508750000542022,1.3516843262260156,9384,1024,4,1261568,4194304,0.85687255859375,0.859375,0.14312744140625,0.0004999999869756966,0.0010000000002037268,0.5004999999869757,0.0,0.0,141.07199999748264,0.0,128,307.2,63.99999999999994,63.99999999999994,0.7570000000523578,9.512666666720179,0.21071769650712024,0.25102269076169414,685557.0256067656,9424,44,0,256,0,1.0,0.0,76,0.0,0.0,0,0,0,0,0,64.26180882190185,0.0,65.06024694400668,63.99999999999994,64.00000000000705
host_1.024_8000_demand_False,same_host,demand,64,8000,1.024,8388608,,1.0,10.0,128,False,1.4249696659999245,56.28074820860729,74.52466666671899,256.0,10.012666666720179,10.012666666720179,10.012666666720179,9.757666666668229,9.757666666668229,10240,1024,4,622592,4194304,0.0,0.0,0.0,0.0004999999869756966,0.0010000000002037268,0.5004999999869757,0.0,0.0,232.5626666535245,0.0,128,307.2,63.99999999999994,63.99999999999994,10.012666666720179,10.012666666720179,0.18454739817676954,0.21984667273466088,524574.0938038359,10240,0,0,0,0,0,0,0,0.0,0,0.0,0,0,0,0,56.28074820860729,0.0,41.32699230133862,63.99999999999994,64.00000000000705
host_1.024_8000_ready_False,same_host,ready,64,8000,1.024,8388608,,1.0,10000,128,False,0.9201837910004542,64.26180882190185,65.26900000005116,256.0,0.7570000000520167,0.7570000000523578,0.7570000000520167,0.5010000000002037,0.5019960937500669,1024,1024,4,4194304,4194304,1.0,1.0,0.0,0.0004999999869756966,0.0010000000002037268,0.5004999999869757,0.0,0.0,128.25599999996484,0.0,128,307.2,63.99999999999994,63.99999999999994,0.7570000000523578,0.7570000000523578,0.0,0.25102269076169414,2115305.9609926273,1024,40,0,256,0,1.0,0.0,40,0.0,0.0,0,0,4194304,73.76866666666501,10000,0.416710571769118,0.0,65.06024694400668,63.99999999999994,64.00000000000705
host_1.024_8000_online_False,same_host,online,64,8000,1.024,8388608,,1.0,10.0,128,False,1.6496581660003358,64.26180882190185,65.26900000005116,256.0,1.6066875001060907,7.208666666876525,1.6066875001060907,1.3508750000542022,1.3516843262260156,9384,1024,4,1261568,4194304,0.85687255859375,0.859375,0.14312744140625,0.0004999999869756966,0.0010000000002037268,0.5004999999869757,0.0,0.0,141.07199999748264,0.0,128,307.2,63.99999999999994,63.99999999999994,0.7570000000523578,9.512666666720179,0.21071769650712024,0.25102269076169414,685557.0256067656,9424,44,0,256,0,1.0,0.0,76,0.0,0.0,0,0,0,0,0,64.26180882190185,0.0,65.06024694400668,63.99999999999994,64.00000000000705
host_1.024_8000_online_True,same_host,online,64,8000,1.024,8388608,,1.0,10.0,128,True,1.4824037500002305,64.26180882190185,65.26900000005116,256.0,1.6066875001060907,7.208666666876525,1.6066875001060907,1.3508750000542022,1.3516843262260156,9384,1024,4,1261568,4194304,0.85687255859375,0.859375,0.14312744140625,0.0004999999869756966,0.0010000000002037268,0.5004999999869757,0.0,0.0,141.07199999748264,0.0,128,307.2,63.99999999999994,63.99999999999994,0.7570000000523578,9.512666666720179,0.21071769650712024,0.25102269076169414,685557.0256067656,9424,44,0,256,0,1.0,0.0,76,0.0,0.0,0,0,0,0,0,64.26180882190185,0.0,65.06024694400668,63.99999999999994,64.00000000000705
host_1.024_10000_demand_False,same_host,demand,64,10000,1.024,8388608,,1.0,10.0,128,False,1.3776614999997037,56.28074820860729,74.52466666671899,256.0,10.012666666720179,10.012666666720179,10.012666666720179,9.757666666668229,9.757666666668229,10240,1024,4,622592,4194304,0.0,0.0,0.0,0.0004999999869756966,0.0010000000002037268,0.5004999999869757,0.0,0.0,232.5626666535245,0.0,128,307.2,63.99999999999994,63.99999999999994,10.012666666720179,10.012666666720179,0.18454739817676954,0.21984667273466088,524574.0938038359,10240,0,0,0,0,0,0,0,0.0,0,0.0,0,0,0,0,56.28074820860729,0.0,41.32699230133862,63.99999999999994,64.00000000000705
host_1.024_10000_ready_False,same_host,ready,64,10000,1.024,8388608,,1.0,10000,128,False,0.9181398749997243,64.26180882190185,65.26900000005116,256.0,0.7570000000520167,0.7570000000523578,0.7570000000520167,0.5010000000002037,0.5019960937500669,1024,1024,4,4194304,4194304,1.0,1.0,0.0,0.0004999999869756966,0.0010000000002037268,0.5004999999869757,0.0,0.0,128.25599999996484,0.0,128,307.2,63.99999999999994,63.99999999999994,0.7570000000523578,0.7570000000523578,0.0,0.25102269076169414,2115305.9609926273,1024,40,0,256,0,1.0,0.0,40,0.0,0.0,0,0,4194304,73.76866666666501,10000,0.416710571769118,0.0,65.06024694400668,63.99999999999994,64.00000000000705
host_1.024_10000_online_False,same_host,online,64,10000,1.024,8388608,,1.0,10.0,128,False,1.4940222079994783,64.26180882190185,65.26900000005116,256.0,1.6066875001060907,7.208666666876525,1.6066875001060907,1.3508750000542022,1.3516843262260156,9384,1024,4,1261568,4194304,0.85687255859375,0.859375,0.14312744140625,0.0004999999869756966,0.0010000000002037268,0.5004999999869757,0.0,0.0,141.07199999748264,0.0,128,307.2,63.99999999999994,63.99999999999994,0.7570000000523578,9.512666666720179,0.21071769650712024,0.25102269076169414,685557.0256067656,9424,44,0,256,0,1.0,0.0,76,0.0,0.0,0,0,0,0,0,64.26180882190185,0.0,65.06024694400668,63.99999999999994,64.00000000000705
host_1.024_10000_online_True,same_host,online,64,10000,1.024,8388608,,1.0,10.0,128,True,1.4843529999998282,64.26180882190185,65.26900000005116,256.0,1.6066875001060907,7.208666666876525,1.6066875001060907,1.3508750000542022,1.3516843262260156,9384,1024,4,1261568,4194304,0.85687255859375,0.859375,0.14312744140625,0.0004999999869756966,0.0010000000002037268,0.5004999999869757,0.0,0.0,141.07199999748264,0.0,128,307.2,63.99999999999994,63.99999999999994,0.7570000000523578,9.512666666720179,0.21071769650712024,0.25102269076169414,685557.0256067656,9424,44,0,256,0,1.0,0.0,76,0.0,0.0,0,0,0,0,0,64.26180882190185,0.0,65.06024694400668,63.99999999999994,64.00000000000705
sensitivity_0.5_2_32,same_host,online,64,502,1.024,8388608,,0.5,2,32,False,1.198237541000708,15.007796761784787,279.4750000000131,256.0,119.02343229171078,208.77866666667978,12.483229166667286,115.2361302083761,8.53612530517658,2008,2000,8,2326528,6144000,0.51336669921875,0.515625,0.02178955078125,0.000790567989369384,0.0016666666633682325,0.5007905679893694,0.0,0.0,1052.363999986701,1002.3386666667648,128,307.2,16.317666983960116,16.317666983960116,119.21066666673505,216.49866666668095,0.07208689283477968,0.058624206112665146,1046324.595989475,2076,68,0,256,119,0.53515625,0.46484375,32,1063.0893333345448,16.620666666676698,0.0,0,0,0,0,15.007796761784787,0.0,12.7771242891812,16.31766698396335,15.221460922076632
sensitivity_0.5_2_128,same_host,online,64,502,1.024,8388608,,0.5,2,128,False,1.1084039590004977,15.281410422229513,274.4710000000159,256.0,114.9370052083741,203.77466666667897,12.248666666667361,111.22789062503932,8.382804504395322,2008,2000,8,2179072,6144000,0.51336669921875,0.515625,0.02178955078125,0.0007954304603479123,0.0016666666670062114,0.5007954304603479,0.0,0.0,1032.3479999867122,982.5786666653439,128,307.2,16.317666983959654,16.317666983959654,114.20666666673424,211.49466666668013,0.07340114028440099,0.059693009473995105,1038160.445346951,2051,43,0,256,119,0.53515625,0.46484375,44,0.0,0.0,0.0,0,0,0,0,15.281410422229513,0.0,13.461460776086325,16.42399070653967,15.221460922075828
sensitivity_0.5_10_32,same_host,online,64,502,1.024,8388608,,0.5,10,32,False,1.3307762080003158,15.010374802720518,279.42700000001423,256.0,118.98368229171103,208.73066666668092,12.480979166667453,115.19713020837622,8.534654602051615,2008,2000,8,2375680,6144000,0.515625,0.515625,0.01953125,0.0007905679893562834,0.0016666666633682325,0.5007905679893563,0.0,0.0,1052.1719999867055,1002.1466666667257,128,307.2,16.317666983960116,16.317666983960116,119.16266666673619,216.45066666668208,0.0720992759289545,0.0586342765850724,1073495.8411707708,2104,96,0,256,119,0.53515625,0.46484375,32,2400.7733333345495,25.56333333333896,0.0,0,0,0,0,15.010374802720518,0.0,12.784601879232797,16.317666983962887,15.221460922076632
sensitivity_0.5_10_128,same_host,online,64,502,1.024,8388608,,0.5,10,128,False,1.1043151670000952,15.289877842948483,274.31900000001406,256.0,114.82713020837411,203.62266666668074,12.215541666668685,111.14639062503807,8.37814727783286,2008,2000,8,2244608,6144000,0.515625,0.515625,0.01953125,0.0007982177331065099,0.0016666666670062114,0.5007982177331065,0.0,0.0,1031.7399999867048,982.2239999981975,128,307.2,16.317666983960116,16.317666983960116,114.05466666673601,211.3426666666819,0.07344181181398285,0.05972608533618532,1095227.6868906505,2079,71,0,256,119,0.53515625,0.46484375,76,0.0,0.0,0.0,0,0,0,0,15.289877842948483,0.0,13.498892874915553,16.415762791027152,15.221460922076632
sensitivity_0.9_2_32,same_host,online,64,502,1.024,8388608,,0.9,2,32,False,1.4467662090000886,26.96798667771395,155.52900000006775,256.0,40.70797916676008,91.01700000006895,6.796390625004051,38.734208333421975,4.738468648275528,2008,2000,8,1949696,4620288,0.81988525390625,0.8221435546875,0.07855224609375,0.0006604003201404751,0.001333333333604969,0.5006604003201405,0.0,0.0,556.5799999869196,511.97066666622413,128,307.2,22.920695986725498,22.920695986725498,33.057000000077096,93.32066666668106,0.09741049096949217,0.10534369798128145,968795.3900492921,2076,68,0,256,26,0.8984375,0.1015625,32,1038.0860000012544,54.55666666667457,0.0,0,0,0,0,26.96798667771395,0.0,32.59585315046586,28.734407541410295,20.81499126565493
sensitivity_0.9_2_128,same_host,online,64,502,1.024,8388608,,0.9,2,128,False,1.2022909580000487,26.96798667771395,155.52900000006775,256.0,40.70797916676008,91.01700000006895,6.796390625004051,38.734208333421975,4.738468648275528,2008,2000,8,2195456,4620288,0.82318115234375,0.825439453125,0.07525634765625,0.0006604003201404751,0.001333333333604969,0.5006604003201405,0.0,0.0,556.5799999869196,511.97066666622413,128,307.2,22.920695986725498,22.920695986725498,33.057000000077096,93.32066666668106,0.09741049096949217,0.10534369798128145,1014127.3115302405,2048,40,0,256,26,0.8984375,0.1015625,44,0.0,0.0,0.0,0,0,0,0,26.96798667771395,0.0,32.59585315046586,28.734407541410295,20.81499126565493
sensitivity_0.9_10_32,same_host,online,64,502,1.024,8388608,,0.9,10,32,False,1.6840352500003064,27.020802061511816,155.22500000006767,256.0,40.4229843751005,90.71300000006886,6.8036354166682145,38.432468750098224,4.7291541951505245,2008,2000,8,1949696,4620288,0.8677978515625,0.8677978515625,0.0306396484375,0.0006499836496487443,0.001333333333604969,0.5006499836496487,0.0,0.0,555.3639999869192,514.7893333330721,128,307.2,22.920695986726408,22.920695986726408,32.75300000008065,93.01666666668098,0.09760126429372938,0.1055500080742839,1009371.5253277489,2104,96,0,256,26,0.8984375,0.1015625,32,2385.414000001223,62.50866666667571,0.0,0,0,0,0,27.020802061511816,0.0,32.906825670714376,28.734407541410295,20.81499126565493
sensitivity_0.9_10_128,same_host,online,64,502,1.024,8388608,,0.9,10,128,False,1.1444985829994039,26.346296145065363,159.199000000066,256.0,42.720317708426364,94.6870000000672,6.989916666668194,40.667708333424116,4.850916158041137,2008,2000,8,2277376,4620288,0.8677978515625,0.8677978515625,0.0306396484375,0.0006601765279179439,0.0016666666633682325,0.5006601765279179,0.0,0.0,571.2599999869126,530.6799999998038,128,307.2,22.920445479103304,22.920445479103304,36.726000000078784,96.99066666668296,0.09516489582217517,0.10291521933762816,1205351.7964328357,2076,68,0,256,26,0.8984375,0.1015625,76,0.0,0.0,0.0,0,0,0,0,26.346296145065363,0.0,32.906825670714376,27.250604225710333,20.81499126565493
budget_2008_demand,same_total,demand,64,10000,0.0,2097152,2008,1.0,10.0,128,False,1.1186787500000719,13.397036511784592,313.07700000000114,256.0,161.54483333336066,303.05266666672105,10.013156249997337,161.28966666669476,9.577208719889402,2008,2000,8,131072,4194304,0.0,0.0,0.0,0.0008174437962982228,0.0013333333299669903,0.5008174437962982,0.0,0.0,1186.771999986653,0.0,128,307.2,13.418509418509379,13.418509418509379,156.78900000000067,313.07700000000114,0.043929555136065446,0.05233217388482003,124869.86985797608,2008,0,0,0,0,0,0,0,0.0,0,0.0,0,0,0,0,13.397036511784592,0.0,13.333028164536769,13.418509418509379,13.418509418509379
budget_2008_ready,same_total,ready,64,10000,0.0,2097152,2008,1.0,10000,128,False,3.2218228330002603,226.01462109033884,18.55766666672207,256.0,9.656890625053393,17.725666666756297,0.7982500000012465,9.386817708381443,0.5256350911458489,1996,1988,8,2097152,4194304,0.5,0.85577392578125,0.5,0.0006553140895402265,0.0013333333299669903,0.5006553140895402,0.0,0.0,8.694666653536842,0.0,128,307.2,225.0002145765783,225.0002145765783,9.237000000041007,18.55766666672207,0.3705566432550685,0.8828696138140003,1606462.7803081246,2008,256,0,256,0,1.0,0.0,128,1280626.4319999595,10009.237000000041,0,0,2097152,9.256666666666206,10000,0.41865347683280724,0.0,216.06758705651092,225.0002145765783,239.18248175331263
budget_2008_online,same_total,online,64,10000,0.0,2097152,2008,1.0,10.0,128,False,1.079482667000775,24.137517480303604,173.76700000000346,256.0,56.94395833373187,163.74266666671974,5.659187500022881,56.6884166670402,5.291835978190154,2008,2000,8,2097152,4194304,0.47119140625,0.47119140625,0.02880859375,0.0006638588375496024,0.001333333333604969,0.5006638588375496,0.0,0.0,629.5319999866624,0.0,128,307.2,13.418423561613931,13.418423561613931,17.4780000015744,173.76700000000346,0.07914813130993652,0.09428717767664478,274360.34961187525,2008,128,128,128,0,1.0,0.0,128,0.0,0.0,0.0,0,0,0,0,24.137517480303604,0.0,78.35719622941419,25.500079036232368,13.418509418509379
budget_40000_demand,same_total,demand,64,10000,0.0,2097152,40000,1.0,10.0,128,False,2.1604175829997985,153.81028749294245,27.26933333501802,256.0,18.6410000008691,26.501333334861556,10.576999999226246,18.38600000081715,10.321999999174295,39032,2000,4,2097152,4194304,0.0,0.0,0.0,0.0004999991655354474,0.0010000000002037268,0.5004999991655354,0.0,0.0,43.54133332672063,0.0,128,307.2,225.0002145765783,225.0002145765783,17.948666668336955,27.26933333501802,0.5043516526189739,0.6008214356417098,1433614.4196280998,39032,0,0,0,0,0,0,0,0.0,0,1.1286666650121333,0,0,0,0,153.81028749294245,0.0,75.69488425357807,225.0002145765783,255.99999994784594
budget_40000_ready,same_total,ready,64,10000,0.0,2097152,40000,1.0,10000,128,False,3.020379249999678,232.8401028630858,18.013666668350197,256.0,9.385333334201277,17.245666668193735,1.3213333325584244,9.130317709149324,1.0663332714713178,6524,2000,4,2097152,4194304,0.5,0.5,0.5,0.0004999991655354474,0.0010000000002037268,0.5004999991655354,0.0,0.0,6.518666660049348,0.0,128,307.2,225.0002145765783,225.0002145765783,8.693000001669134,18.013666668350197,0.3817471919111965,0.9095316519942249,1624020.9108858202,6634,256,0,256,0,1.0,0.0,128,1280592.512000135,10008.69300000167,0,0,2097152,9.256666666666206,10000,0.4186762106299744,0.0,228.10006521853646,225.0002145765783,255.99999994784594
budget_40000_online,same_total,online,64,10000,0.0,2097152,40000,1.0,10.0,128,False,2.1533725420003975,156.68316978642372,26.76933333501802,256.0,18.1410000008691,26.001333334861556,10.076999999226246,17.88600000081715,9.821999999174295,37032,2000,4,2097152,4194304,0.0,0.0,0.5,0.0004999991655354474,0.0010000000002037268,0.5004999991655354,0.0,0.0,41.54133332672063,0.0,128,307.2,225.0002145765783,225.0002145765783,17.448666668336955,26.76933333501802,0.5137719778528341,0.6120436321029072,1778771.7989291244,37032,128,128,128,0,1.0,0.0,128,0.0,0.0,0.6286666650121333,0,0,0,0,156.68316978642372,0.0,78.52933246300589,225.0002145765783,255.99999994784594
long_502_demand,same_host,demand,512,502,0.0,8388608,,1.0,10.0,128,False,7.9058040420004545,13.41582154156416,2501.1090000000004,256.0,1255.560833333361,2383.63666666672,10.013165364581326,1255.3056666666944,9.577217496236173,2008,2000,8,131072,33554432,0.0,0.0,0.0,0.0008262201428208549,0.001333333333604969,0.5008262201428209,0.0,0.0,9480.14799989319,0.0,128,307.2,13.418509418509418,13.418509418509418,1250.8050000000003,2481.3166666667203,0.04399115219155666,0.05240555290741142,125044.95964159878,2008,0,0,0,0,0,0,0,0.0,0,0.0,0,0,0,0,13.41582154156416,0.0,13.40776436778849,13.418509418509418,13.418509418509457
long_502_online,same_host,online,512,502,0.0,8388608,,1.0,10.0,128,False,7.921313249999912,14.207330183434513,2361.769000000004,256.0,1120.5595930990346,2244.29666666672,9.46885872395655,1120.3044361979928,9.043551419576016,2008,2000,8,2097152,33554432,0.0586700439453125,0.0586700439453125,0.0038299560546875,0.0008070321900575106,0.001333333333604969,0.5008070321900575,0.0,0.0,8922.787999893204,0.0,128,307.2,13.418509418509379,13.418509418509379,1111.4650000000001,2341.97666666672,0.04658654875505264,0.05549738354034737,136031.28550407517,2135,128,1920,128,0,1.0,0.0,128,0.0,0.0,0.0,0,0,0,0,14.207330183434513,0.0,17.249401105872074,13.418509418509418,13.418509418509379
long_10000_demand,same_host,demand,512,10000,0.0,8388608,,1.0,10.0,128,False,19.45579225000074,238.2642169939643,140.8286666933709,256.0,75.42066668004554,134.42866669206705,10.012666666720179,75.16566667999359,9.757666666668229,39032,2000,4,2392064,33554432,0.0,0.0,0.0,0.0004999933242798016,0.0010000000002037268,0.5004999933242797,0.0,0.0,39.0266666666721,0.0,128,307.2,255.99999994784594,255.99999994784594,75.29266668001947,139.54866669311014,0.7812803263005775,0.9307195978222856,2220781.345198507,39032,0,0,0,0,0,0,0,0.0,0,0.0,0,0,0,0,238.2642169939643,0.0,197.26452095292572,255.99999994784594,255.99999994784594
long_10000_online,same_host,online,512,10000,0.0,8388608,,1.0,10.0,128,False,19.321488083000077,238.2642169939643,140.8286666933709,256.0,75.38941668004554,134.42866669206705,9.981416666720179,75.13441667999359,9.726416666668229,39032,2000,4,2392064,33554432,0.0,0.0,0.0625,0.0004999933242798016,0.0010000000002037268,0.5004999933242797,0.0,0.0,39.0266666666721,0.0,128,307.2,255.99999994784594,255.99999994784594,75.29266668001947,139.54866669311014,0.7812803263005775,0.9307195978222856,2281300.4563273033,39032,128,1920,128,0,1.0,0.0,128,0.0,0.0,0.0,0,0,0,0,238.2642169939643,0.0,197.26452095292572,255.99999994784594,255.99999994784594
long64_502_demand,same_host,demand,512,502,1.024,8388608,,1.0,10.0,128,False,8.273808167000425,13.411705080052945,2501.8766666667216,256.0,994.3126666667201,1885.9726666667193,10.012998697966594,994.0576666666682,9.577276067097992,2008,1024,8,131072,33554432,0.0,0.0,0.0,0.0008320566538216889,0.001333333333604969,0.5008320566538217,0.0,0.0,9483.218666560075,0.0,128,307.2,13.418509418509418,13.418509418509418,990.4526666667225,1963.17266666672,0.04397765410765107,0.05238947297962996,125006.0324832681,2008,0,0,0,0,0,0,0,0.0,0,0.0,0,0,0,0,13.411705080052945,0.0,13.391333406410533,13.418509418509418,13.418509418509379
long64_502_online,same_host,online,512,502,1.024,8388608,,1.0,10.0,128,False,13.876859875000264,64.03260938015212,524.0210000000516,256.0,0.863218099014766,0.7570000000523578,0.7897037760950951,0.607240885421561,0.5340898742692748,2008,2000,8,1261568,33554432,0.9961700439453125,0.9961700439453125,0.0038299560546875,0.000501279180515235,0.0013333333299669903,0.5005012791805152,0.0,0.0,1038.8639999970765,0.0,128,307.2,63.99999999999994,63.99999999999994,0.7570000000523578,5.673000000209868,0.20996614003381786,0.2501273804421769,682709.6052026047,2076,68,0,2048,0,1.0,0.0,76,0.0,0.0,0,0,0,0,0,64.03260938015212,0.0,64.13063720803268,63.99999999999994,63.99999999999994
long64_10000_demand,same_host,demand,512,10000,1.024,8388608,,1.0,10.0,128,False,12.527414875000431,62.921245382315654,533.2766666667194,256.0,10.012666666720179,10.012666666720179,10.012666666720179,9.757666666668229,9.757666666668229,10240,1024,4,622592,33554432,0.0,0.0,0.0,0.00049999998695896,0.0010000000002037268,0.5004999999869589,0.0,0.0,1608.818666560066,0.0,128,307.2,63.99999999999994,63.99999999999994,10.012666666720179,10.012666666720179,0.20632192170417085,0.24578611482474375,586467.9544610092,10240,0,0,0,0,0,0,0,0.0,0,0.0,0,0,0,0,62.921245382315654,0.0,59.89267507887199,63.99999999999994,63.99999999999994
long64_10000_online,same_host,online,512,10000,1.024,8388608,,1.0,10.0,128,False,13.515647583999453,64.03260938015212,524.0210000000516,256.0,0.8632109375586978,0.7570000000523578,0.8632109375586978,0.6072343750069535,0.6082071228094826,9384,1024,4,1261568,33554432,0.9821090698242188,0.982421875,0.01789093017578125,0.00049999998695896,0.0010000000002037268,0.5004999999869589,0.0,0.0,1038.8639999970765,0.0,128,307.2,63.99999999999994,63.99999999999994,0.7570000000523578,5.672666666981968,0.20996614003381786,0.2501273804421769,682709.1779017983,9424,44,0,2048,0,1.0,0.0,76,0.0,0.0,0,0,0,0,0,64.03260938015212,0.0,64.13063720803268,63.99999999999994,63.99999999999994
extra_policy_0.5_2_32,same_host,online,64,502,1.024,8388608,,0.5,2,32,True,3.717702250000002,13.134837888054427,319.32666666670775,256.0,131.05523958339865,239.37466666670662,14.495895833333861,126.21139583339823,9.582043436687009,2008,2000,8,589824,5357568,0.02508544921875,0.03466796875,0.33428955078125,0.0008239135246330687,0.0016666666633682325,0.5008239135246331,0.0,0.0,1211.7706666534796,63.76533333324187,128,307.2,13.418509418509379,13.418509418509379,130.5266666667594,254.81466666670894,0.04912648228563881,0.05130796051066542,145582.7121574821,2136,128,93,83,71,0.14457831325301204,0.8554216867469879,32,26819.29600000017,307.59066666666695,184.83800000000338,0,0,0,0,13.134837888054427,18.12999999996464,12.351494400898774,13.418509418509379,13.418509418509379
extra_policy_0.5_2_128,same_host,online,64,502,1.024,8388608,,0.5,2,128,True,3.7866917499995907,13.134837888054427,319.32666666670775,256.0,131.05523958339865,239.37466666670662,14.495895833333861,126.21139583339823,9.582043436687009,2008,2000,8,1146880,5357568,0.02508544921875,0.03466796875,0.33428955078125,0.0008239135246330687,0.0016666666633682325,0.5008239135246331,0.0,0.0,1211.7706666534796,63.76533333324187,128,307.2,13.418509418509379,13.418509418509379,130.5266666667594,254.81466666670894,0.054553021070375775,0.05130796051066542,161619.8703444446,2136,128,93,83,71,0.14457831325301204,0.8554216867469879,67,26467.84266666678,307.59066666666695,184.83800000000338,0,0,0,0,13.134837888054427,6.493333333295595,12.351494400898774,13.418509418509379,13.418509418509379
extra_policy_0.5_10_32,same_host,online,64,502,1.024,8388608,,0.5,10,32,True,3.7441380409991325,13.134837888055026,319.3266666666932,256.0,131.05523958338523,239.37466666669206,14.49589583333318,126.21139583338504,9.545887186686972,2008,2000,8,606208,5373952,0.05859375,0.0640869140625,0.31640625,0.0008226114427285491,0.0016666666633682325,0.5008226114427285,0.0,0.0,1211.7706666534214,137.30666666656907,128,307.2,13.418509418509379,13.418509418509379,130.52666666674486,254.8146666666944,0.05047241330716546,0.05130796051066776,160025.92014091412,2136,128,88,92,72,0.21739130434782608,0.782608695652174,32,26151.36666666669,309.6786666666667,223.78199999999924,0,0,0,0,13.134837888055026,15.741999999976542,12.351494400900892,13.418509418509379,13.418509418509379
extra_policy_0.5_10_128,same_host,online,64,502,1.024,8388608,,0.5,10,128,True,3.6988900829992417,13.134837888055475,319.3266666666823,256.0,131.05523958337585,239.37466666668115,14.495895833332668,126.21139583337583,9.509730936687044,2008,2000,8,1048576,5423104,0.0859375,0.0908203125,0.296875,0.0008213093577678077,0.0016666666633682325,0.5008213093577678,0.0,0.0,1211.7706666533777,174.07733333324722,128,307.2,13.418509418509379,13.418509418509379,130.52666666673395,254.81466666668348,0.055687896015574466,0.051307960510669506,188361.750383701,2136,128,83,102,75,0.2647058823529412,0.7352941176470589,58,25048.956666666672,308.4146666666675,223.65399999999863,0,0,0,0,13.134837888055475,0.0,12.35149440090248,13.418509418509379,13.418509418509379
extra_policy_0.9_2_32,same_host,online,64,502,1.024,8388608,,0.9,2,32,True,3.10355570899992,13.814108208158034,303.62466666672117,256.0,119.969177083386,231.3926666667212,9.700869791715036,119.71417187500236,9.271506876627674,2008,2000,8,344064,4423680,0.01397705078125,0.0162353515625,0.66961669921875,0.0008177286508030956,0.001333333333604969,0.5008177286508031,0.0,0.0,1148.9626666535332,0.0,128,307.2,13.418509418509379,13.418509418509379,116.05666666671823,239.57666666671867,0.0452971541618211,0.0539613601991107,129514.83702953678,2136,128,67,30,14,0.5333333333333333,0.4666666666666667,16,18104.401333333433,300.84066666666695,224.47200000000157,0,0,0,0,13.814108208158034,8.568666666615172,15.15443833160332,13.418509418509379,13.418509418509379
extra_policy_0.9_2_128,same_host,online,64,502,1.024,8388608,,0.9,2,128,True,3.0441363339996315,13.814108208158034,303.62466666672117,256.0,119.969177083386,231.3926666667212,9.700869791715036,119.71417187500236,9.271506876627674,2008,2000,8,344064,4423680,0.01397705078125,0.0162353515625,0.66961669921875,0.0008177286508030956,0.001333333333604969,0.5008177286508031,0.0,0.0,1148.9626666535332,0.0,128,307.2,13.418509418509379,13.418509418509379,116.05666666671823,239.57666666671867,0.0452971541618211,0.0539613601991107,129514.83702953678,2136,128,67,30,14,0.5333333333333333,0.4666666666666667,16,18104.401333333433,300.84066666666695,224.47200000000157,0,0,0,0,13.814108208158034,8.568666666615172,15.15443833160332,13.418509418509379,13.418509418509379
extra_policy_0.9_10_32,same_host,online,64,502,1.024,8388608,,0.9,10,32,True,3.105311999999685,14.263186710421053,294.0650000000023,256.0,111.43383854169906,221.83300000000236,9.551640625000118,111.0340625000311,8.983156473796344,2008,2000,8,524288,4407296,0.0865478515625,0.096923828125,0.6087646484375,0.0007969766753832541,0.001333333333604969,0.5007969766753833,0.0,0.0,1110.7239999866579,36.770666666619945,128,307.2,13.418509418509379,13.418509418509379,106.80066666672064,230.32066666671744,0.047135093431726234,0.05571557309893299,142556.03820991123,2136,128,65,43,13,0.6976744186046512,0.3023255813953488,32,17327.263333333674,291.38466666666864,223.21600000000035,0,0,0,0,14.263186710421053,8.864333333334798,17.583821038686153,13.418509418509379,13.418509418509379
extra_policy_0.9_10_128,same_host,online,64,502,1.024,8388608,,0.9,10,128,True,3.2212296670004434,14.726742865968152,284.80866666671864,256.0,99.42996875004297,204.8566666667175,9.117755208334415,99.03020312504071,8.560580301921313,2008,2000,8,720896,4440064,0.1334228515625,0.1431884765625,0.5931396484375,0.0007817178806379665,0.001333333333604969,0.500781717880638,0.0,0.0,1073.698666653523,36.770666666619945,128,307.2,13.418509418509691,13.418509418509691,96.00900000000183,220.29666666671983,0.051119205320290094,0.05752633933190775,161854.689329014,2136,128,55,57,15,0.7368421052631579,0.2631578947368421,44,16622.680666668013,272.8806666666678,213.1919999999991,0,0,0,0,14.726742865968152,0.0,20.814715807560187,13.418509418509691,13.418509418509379
extra_long_6000,same_host,demand,512,6000,0.0,8388608,,1.0,10.0,128,False,17.72556033299952,152.6959771851784,219.7466666676337,256.0,114.53469401103911,209.5886666675542,10.093722656272611,114.19895572976348,9.74835119628919,24000,2000,8,1540096,33554432,0.0,0.0,0.0,0.0008180739487545219,0.001333333333604969,0.5008180739487545,0.0,0.0,354.69866656372324,0.0,128,307.2,156.98126766117662,156.98126766117662,112.87266666776486,218.46666666737292,0.5006977731911956,0.5964686610011198,1423228.304773804,24000,0,0,0,0,0,0,0,0.0,0,0.0,0,0,0,0,152.6959771851784,0.0,136.81242117043826,156.98126766117662,162.702354628001
extra_long_8000,same_host,demand,512,8000,0.0,8388608,,1.0,10.0,128,False,21.64903950000007,198.59785743805307,168.95666666729448,256.0,88.97649479247832,160.79866666761882,10.05418229168049,88.68029166746457,9.757979654947988,32000,2000,8,2048000,33554432,0.0,0.0,0.0,0.0008129875013989096,0.001333333333604969,0.5008129875013989,0.0,0.0,151.53866656236642,0.0,128,307.2,210.76904522529645,210.76904522529645,89.35666666697944,167.67666666703371,0.6512123424128273,0.7757728807754405,1851064.4300455844,32000,0,0,0,0,0,0,0,0.0,0,0.0,0,0,0,0,198.59785743805307,0.0,169.27304768897721,210.76904522529645,210.7690452253061
extra_budget64_2008_demand,same_total,demand,64,10000,1.024,2097152,2008,1.0,10,128,False,1.2725123339996571,13.36426724897658,313.8446666667187,256.0,129.6726666667206,241.61266666671872,10.01298958338333,129.41766666666865,9.577677286783905,2008,1024,8,131072,4194304,0.0,0.0,0.0,0.0008231200896977597,0.001333333333604969,0.5008231200896978,0.0,0.0,1189.8426666535233,0.0,128,307.2,13.418509418509691,13.418509418509691,125.81266666672309,249.3326666667199,0.04382210307858792,0.05220416895195015,124563.88027241154,2008,0,0,0,0,0,0,0,0.0,0,0.0,0,0,0,0,13.36426724897658,0.0,13.204140397408567,13.418509418509691,13.418509418509379
extra_budget64_2008_ready,same_total,ready,64,10000,1.024,2097152,2008,1.0,10000,128,False,2.793485791999956,64.26180882190185,65.26900000005116,256.0,0.7570000000520167,0.7570000000523578,0.7570000000520167,0.5010000000002037,0.5019960937500669,1024,1024,4,2097152,4194304,1.0,1.0,0.0,0.0004999999869756966,0.0010000000002037268,0.5004999999869757,0.0,0.0,128.25599999996484,0.0,128,307.2,63.99999999999994,63.99999999999994,0.7570000000523578,0.7570000000523578,0.10535884825356012,0.25102269076169414,1584085.7183653342,1152,128,0,256,0,1.0,0.0,40,1275890.303999996,9967.989000000052,0,0,2097152,41.00066666666498,10000,0.416710571769118,0.0,65.06024694400668,63.99999999999994,64.00000000000705
extra_budget64_2008_online,same_total,online,64,10000,1.024,2097152,2008,1.0,10,128,False,1.4534038749998217,15.72333337498286,266.75666666671896,256.0,84.74368229169653,186.80466666671782,8.401906250004345,84.4882500000245,7.995017089844702,2008,2000,8,737280,4194304,0.17303466796875,0.17303466796875,0.03009033203125,0.0007671915268059326,0.001333333333604969,0.5007671915268059,0.0,0.0,1001.4906666535244,0.7626666666765232,128,307.2,13.418509418509379,13.418509418509379,77.95700000000215,202.24466666672015,0.05155759931022524,0.06141927100853955,168151.93992093264,2008,44,204,52,0,1.0,0.0,44,0.0,0.0,0.0,0,0,0,0,15.72333337498286,0.0,25.49005753179632,14.220293471476367,13.418509418509379
extra_budget64_40000_demand,same_total,demand,64,10000,1.024,2097152,40000,1.0,10,128,False,1.7473205830001461,56.28074820860729,74.52466666671899,256.0,10.012666666720179,10.012666666720179,10.012666666720179,9.757666666668229,9.757666666668229,10240,1024,4,622592,4194304,0.0,0.0,0.0,0.0004999999869756966,0.0010000000002037268,0.5004999999869757,0.0,0.0,232.5626666535245,0.0,128,307.2,63.99999999999994,63.99999999999994,10.012666666720179,10.012666666720179,0.18454739817676954,0.21984667273466088,524574.0938038359,10240,0,0,0,0,0,0,0,0.0,0,0.0,0,0,0,0,56.28074820860729,0.0,41.32699230133862,63.99999999999994,64.00000000000705
extra_budget64_40000_ready,same_total,ready,64,10000,1.024,2097152,40000,1.0,10000,128,False,2.8054015420002543,64.26180882190185,65.26900000005116,256.0,0.7570000000520167,0.7570000000523578,0.7570000000520167,0.5010000000002037,0.5019960937500669,1024,1024,4,2097152,4194304,1.0,1.0,0.0,0.0004999999869756966,0.0010000000002037268,0.5004999999869757,0.0,0.0,128.25599999996484,0.0,128,307.2,63.99999999999994,63.99999999999994,0.7570000000523578,0.7570000000523578,0.10535884825356012,0.25102269076169414,1584085.7183653342,1152,128,0,256,0,1.0,0.0,40,1275890.303999996,9967.989000000052,0,0,2097152,41.00066666666498,10000,0.416710571769118,0.0,65.06024694400668,63.99999999999994,64.00000000000705
extra_budget64_40000_online,same_total,online,64,10000,1.024,2097152,40000,1.0,10,128,False,1.8583831249998184,64.26180882190185,65.26900000005116,256.0,1.6066875001060907,7.208666666876525,1.6066875001060907,1.3508750000542022,1.3516843262260156,9384,1024,4,1261568,4194304,0.85687255859375,0.859375,0.14312744140625,0.0004999999869756966,0.0010000000002037268,0.5004999999869757,0.0,0.0,141.07199999748264,0.0,128,307.2,63.99999999999994,63.99999999999994,0.7570000000523578,9.512666666720179,0.21071769650712024,0.25102269076169414,685557.0256067656,9424,44,0,256,0,1.0,0.0,76,0.0,0.0,0,0,0,0,0,64.26180882190185,0.0,65.06024694400668,63.99999999999994,64.00000000000705
buffer_2MiB,buffer_boundary,demand,512,10000,0.0,2097152,,1.0,10.0,128,False,25.196462500000052,212.69469822851028,157.7586666685529,256.0,83.88566666763654,151.35866666724905,11.525942708223226,83.63066666758459,11.242453328334605,40000,2000,8,2097152,33554432,0.0,0.0,0.0,0.000791665872419467,0.0016666666524542961,0.5007916658724194,0.0,0.0,106.7466665674001,0.0,128,307.2,225.0002145765783,225.0002145765783,83.1933333351044,156.47866666829214,0.6974365909027073,0.8308386651243823,1982456.3839582633,40000,0,0,0,0,0,0,0,0.0,0,2.499333333900722,0,0,0,0,212.69469822851028,0.0,182.71588301237736,225.0002145765783,225.0002145765783
buffer_2.25MiB,buffer_boundary,demand,512,10000,0.0,2359296,,1.0,10.0,128,False,25.092460208000375,235.81058934216315,142.29400000062014,256.0,76.11326562605007,135.78933333451278,10.314966145019724,75.85826562599811,10.057918415523664,40000,2000,8,2359296,33554432,0.0,0.0,0.0,0.0007408028569398928,0.0016666666087985504,0.5007408028569399,0.0,0.0,44.887999895669054,0.0,128,307.2,253.169662886256,253.169662886256,76.02533333364408,141.01400000035937,0.7732347580796982,0.9211351148054847,2197911.899731917,40000,0,0,0,0,0,0,0,0.0,0,0.4513333336908545,0,0,0,0,235.81058934216315,0.0,195.81860623860894,253.169662886256,252.7704298974399
buffer_2.5MiB,buffer_boundary,demand,512,10000,0.0,2621440,,1.0,10.0,128,False,24.126912833999995,238.2642169939643,140.8286666933709,256.0,75.42066668004554,134.42866669206705,10.012666666720179,75.16566667999359,9.757666666668229,39032,2000,4,2392064,33554432,0.0,0.0,0.0,0.0004999933242798016,0.0010000000002037268,0.5004999933242797,0.0,0.0,39.0266666666721,0.0,128,307.2,255.99999994784594,255.99999994784594,75.29266668001947,139.54866669311014,0.7812803263005775,0.9307195978222856,2220781.345198507,39032,0,0,0,0,0,0,0,0.0,0,0.0,0,0,0,0,238.2642169939643,0.0,197.26452095292572,255.99999994784594,255.99999994784594
buffer_allocation64_demand,same_total,demand,512,10000,1.024,2097152,2008,1.0,10.0,128,False,11.398106624999855,13.411705080052945,2501.8766666667216,256.0,994.3126666667201,1885.9726666667193,10.012998697966594,994.0576666666682,9.577276067097992,2008,1024,8,131072,33554432,0.0,0.0,0.0,0.0008320566538216889,0.001333333333604969,0.5008320566538217,0.0,0.0,9483.218666560075,0.0,128,307.2,13.418509418509418,13.418509418509418,990.4526666667225,1963.17266666672,0.04397765410765107,0.05238947297962996,125006.0324832681,2008,0,0,0,0,0,0,0,0.0,0,0.0,0,0,0,0,13.411705080052945,0.0,13.391333406410533,13.418509418509418,13.418509418509379
buffer_allocation64_online,same_total,online,512,128,1.024,2097152,2008,1.0,10.0,128,False,13.775363708000441,63.98694114169346,524.3950000000259,256.0,4.883085937525863,9.38700000002791,1.148955078150685,4.253087239583536,0.5105502090454068,512,512,8,1277952,33554432,0.9990234375,0.9990234375,0.0009765625,0.0005075581803229701,0.0013333333299669903,0.500507558180323,0.0,0.0,1573.291999893292,0.0,128,307.2,64.90520256259448,64.90520256259448,4.767000000025291,9.787000000025728,0.20981639158776622,0.2499489888856614,927476.1939796498,586,74,0,2048,0,1.0,0.0,76,0.0,0.0,0,0,0,0,0,63.98694114169346,0.0,61.054681756966545,65.27490039840606,64.53966886194436
